2026-09-15T22:32:44.150 INFO  console - Installing service 'sing-box (sing-box)'...
2026-09-15T22:32:44.198 INFO  console - Service 'sing-box (sing-box)' was installed successfully.
2026-09-15T22:32:44.745 INFO  console - Starting service 'sing-box (sing-box)'...
2026-09-15T22:32:45.232 DEBUG console - Starting WinSW in service mode.
2026-09-15T22:32:45.273 INFO  service - Starting C:\Portable Softwares\sing-box-wincmd\service\core\sing-box.exe
2026-09-15T22:32:45.316 INFO  service - Started process sing-box (24412).
2026-09-15T22:32:45.339 INFO  service - Service started successfully.
2026-09-15T22:32:45.520 INFO  console - Service 'sing-box (sing-box)' started successfully.
2026-09-15T22:32:54.969 WARN  service - Child process 'sing-box (24412)' finished with code 1.
2026-09-15T22:33:05.482 DEBUG console - Starting WinSW in service mode.
2026-09-15T22:33:05.529 INFO  service - Starting C:\Portable Softwares\sing-box-wincmd\service\core\sing-box.exe
2026-09-15T22:33:05.579 INFO  service - Started process sing-box (25992).
2026-09-15T22:33:05.601 INFO  service - Service started successfully.
2026-09-15T22:33:15.234 WARN  service - Child process 'sing-box (25992)' finished with code 1.
2026-09-15T22:33:35.722 DEBUG console - Starting WinSW in service mode.
2026-09-15T22:33:35.774 INFO  service - Starting C:\Portable Softwares\sing-box-wincmd\service\core\sing-box.exe
2026-09-15T22:33:35.822 INFO  service - Started process sing-box (14748).
2026-09-15T22:33:35.845 INFO  service - Service started successfully.
2026-09-15T22:33:45.475 WARN  service - Child process 'sing-box (14748)' finished with code 1.
2026-09-15T22:34:15.988 DEBUG console - Starting WinSW in service mode.
2026-09-15T22:34:16.035 INFO  service - Starting C:\Portable Softwares\sing-box-wincmd\service\core\sing-box.exe
2026-09-15T22:34:16.084 INFO  service - Started process sing-box (22536).
2026-09-15T22:34:16.109 INFO  service - Service started successfully.
2026-09-15T22:34:25.730 WARN  service - Child process 'sing-box (22536)' finished with code 1.
2026-09-15T22:34:56.251 DEBUG console - Starting WinSW in service mode.
2026-09-15T22:34:56.302 INFO  service - Starting C:\Portable Softwares\sing-box-wincmd\service\core\sing-box.exe
2026-09-15T22:34:56.354 INFO  service - Started process sing-box (22532).
2026-09-15T22:34:56.381 INFO  service - Service started successfully.
2026-09-15T22:35:06.008 WARN  service - Child process 'sing-box (22532)' finished with code 1.
2026-09-15T22:35:36.497 DEBUG console - Starting WinSW in service mode.
2026-09-15T22:35:36.547 INFO  service - Starting C:\Portable Softwares\sing-box-wincmd\service\core\sing-box.exe
2026-09-15T22:35:36.599 INFO  service - Started process sing-box (3524).
2026-09-15T22:35:36.622 INFO  service - Service started successfully.
2026-09-15T22:35:46.246 WARN  service - Child process 'sing-box (3524)' finished with code 1.
2026-09-15T22:36:16.734 DEBUG console - Starting WinSW in service mode.
2026-09-15T22:36:16.779 INFO  service - Starting C:\Portable Softwares\sing-box-wincmd\service\core\sing-box.exe
2026-09-15T22:36:16.828 INFO  service - Started process sing-box (2308).
2026-09-15T22:36:16.851 INFO  service - Service started successfully.
2026-09-15T22:36:26.488 WARN  service - Child process 'sing-box (2308)' finished with code 1.
2026-09-15T22:36:56.970 DEBUG console - Starting WinSW in service mode.
2026-09-15T22:36:57.015 INFO  service - Starting C:\Portable Softwares\sing-box-wincmd\service\core\sing-box.exe
2026-09-15T22:36:57.064 INFO  service - Started process sing-box (15688).
2026-09-15T22:36:57.086 INFO  service - Service started successfully.
2026-09-15T22:37:06.726 WARN  service - Child process 'sing-box (15688)' finished with code 1.
2026-09-15T22:37:37.198 DEBUG console - Starting WinSW in service mode.
2026-09-15T22:37:37.245 INFO  service - Starting C:\Portable Softwares\sing-box-wincmd\service\core\sing-box.exe
2026-09-15T22:37:37.292 INFO  service - Started process sing-box (404).
2026-09-15T22:37:37.315 INFO  service - Service started successfully.
2026-09-15T22:37:46.952 WARN  service - Child process 'sing-box (404)' finished with code 1.
2026-09-15T22:38:17.446 DEBUG console - Starting WinSW in service mode.
2026-09-15T22:38:17.491 INFO  service - Starting C:\Portable Softwares\sing-box-wincmd\service\core\sing-box.exe
2026-09-15T22:38:17.540 INFO  service - Started process sing-box (21556).
2026-09-15T22:38:17.564 INFO  service - Service started successfully.
2026-09-15T22:38:27.195 WARN  service - Child process 'sing-box (21556)' finished with code 1.
2026-09-15T22:38:57.686 DEBUG console - Starting WinSW in service mode.
2026-09-15T22:38:57.732 INFO  service - Starting C:\Portable Softwares\sing-box-wincmd\service\core\sing-box.exe
2026-09-15T22:38:57.779 INFO  service - Started process sing-box (16836).
2026-09-15T22:38:57.802 INFO  service - Service started successfully.
2026-09-15T22:39:07.437 WARN  service - Child process 'sing-box (16836)' finished with code 1.
2026-09-15T22:39:37.928 DEBUG console - Starting WinSW in service mode.
2026-09-15T22:39:37.973 INFO  service - Starting C:\Portable Softwares\sing-box-wincmd\service\core\sing-box.exe
2026-09-15T22:39:38.019 INFO  service - Started process sing-box (19672).
2026-09-15T22:39:38.042 INFO  service - Service started successfully.
2026-09-15T22:39:47.681 WARN  service - Child process 'sing-box (19672)' finished with code 1.
2026-09-15T22:40:18.154 DEBUG console - Starting WinSW in service mode.
2026-09-15T22:40:18.200 INFO  service - Starting C:\Portable Softwares\sing-box-wincmd\service\core\sing-box.exe
2026-09-15T22:40:18.247 INFO  service - Started process sing-box (8128).
2026-09-15T22:40:18.271 INFO  service - Service started successfully.
2026-09-15T22:40:27.899 WARN  service - Child process 'sing-box (8128)' finished with code 1.
2026-09-15T22:40:58.390 DEBUG console - Starting WinSW in service mode.
2026-09-15T22:40:58.436 INFO  service - Starting C:\Portable Softwares\sing-box-wincmd\service\core\sing-box.exe
2026-09-15T22:40:58.482 INFO  service - Started process sing-box (17988).
2026-09-15T22:40:58.504 INFO  service - Service started successfully.
2026-09-15T22:41:08.149 WARN  service - Child process 'sing-box (17988)' finished with code 1.
2026-09-15T22:41:38.644 DEBUG console - Starting WinSW in service mode.
2026-09-15T22:41:38.690 INFO  service - Starting C:\Portable Softwares\sing-box-wincmd\service\core\sing-box.exe
2026-09-15T22:41:38.736 INFO  service - Started process sing-box (3008).
2026-09-15T22:41:38.758 INFO  service - Service started successfully.
2026-09-15T22:41:48.395 WARN  service - Child process 'sing-box (3008)' finished with code 1.
2026-09-15T22:42:18.875 DEBUG console - Starting WinSW in service mode.
2026-09-15T22:42:18.922 INFO  service - Starting C:\Portable Softwares\sing-box-wincmd\service\core\sing-box.exe
2026-09-15T22:42:18.969 INFO  service - Started process sing-box (16752).
2026-09-15T22:42:18.992 INFO  service - Service started successfully.
2026-09-15T22:42:22.513 INFO  console - Stopping service 'sing-box (sing-box)'...
2026-09-15T22:42:22.534 INFO  service - Stopping sing-box
2026-09-15T22:42:22.538 DEBUG service - ProcessKill 16752
2026-09-15T22:42:28.626 INFO  service - Child process 'sing-box (16752)' canceled with code 1.
2026-09-15T22:42:28.650 INFO  service - Finished sing-box
2026-09-15T22:42:28.651 INFO  service - Service stopped successfully.
2026-09-15T22:42:28.851 INFO  console - Service 'sing-box (sing-box)' stopped successfully.
2026-09-15T22:42:30.673 INFO  console - Starting service 'sing-box (sing-box)'...
2026-09-15T22:42:31.114 DEBUG console - Starting WinSW in service mode.
2026-09-15T22:42:31.161 INFO  service - Starting C:\Portable Softwares\sing-box-wincmd\service\core\sing-box.exe
2026-09-15T22:42:31.209 INFO  service - Started process sing-box (17172).
2026-09-15T22:42:31.232 INFO  service - Service started successfully.
2026-09-15T22:42:31.404 INFO  console - Service 'sing-box (sing-box)' started successfully.
2026-09-15T22:42:40.862 WARN  service - Child process 'sing-box (17172)' finished with code 1.
2026-09-15T22:42:55.482 INFO  console - Starting service 'sing-box (sing-box)'...
2026-09-15T22:42:55.919 DEBUG console - Starting WinSW in service mode.
2026-09-15T22:42:55.966 INFO  service - Starting C:\Portable Softwares\sing-box-wincmd\service\core\sing-box.exe
2026-09-15T22:42:56.013 INFO  service - Started process sing-box (2296).
2026-09-15T22:42:56.035 INFO  service - Service started successfully.
2026-09-15T22:42:56.221 INFO  console - Service 'sing-box (sing-box)' started successfully.
2026-09-15T22:43:05.663 WARN  service - Child process 'sing-box (2296)' finished with code 1.
2026-09-15T22:43:11.338 DEBUG console - Starting WinSW in service mode.
2026-09-15T22:43:11.386 INFO  service - Starting C:\Portable Softwares\sing-box-wincmd\service\core\sing-box.exe
2026-09-15T22:43:11.436 INFO  service - Started process sing-box (11972).
2026-09-15T22:43:11.459 INFO  service - Service started successfully.
2026-09-15T22:43:21.080 WARN  service - Child process 'sing-box (11972)' finished with code 1.
2026-09-15T22:43:36.150 DEBUG console - Starting WinSW in service mode.
2026-09-15T22:43:36.197 INFO  service - Starting C:\Portable Softwares\sing-box-wincmd\service\core\sing-box.exe
2026-09-15T22:43:36.243 INFO  service - Started process sing-box (18904).
2026-09-15T22:43:36.267 INFO  service - Service started successfully.
2026-09-15T22:43:45.888 WARN  service - Child process 'sing-box (18904)' finished with code 1.
2026-09-15T22:43:51.567 DEBUG console - Starting WinSW in service mode.
2026-09-15T22:43:51.616 INFO  service - Starting C:\Portable Softwares\sing-box-wincmd\service\core\sing-box.exe
2026-09-15T22:43:51.667 INFO  service - Started process sing-box (14352).
2026-09-15T22:43:51.691 INFO  service - Service started successfully.
2026-09-15T22:44:01.305 WARN  service - Child process 'sing-box (14352)' finished with code 1.
2026-09-15T22:44:16.365 DEBUG console - Starting WinSW in service mode.
2026-09-15T22:44:16.414 INFO  service - Starting C:\Portable Softwares\sing-box-wincmd\service\core\sing-box.exe
2026-09-15T22:44:16.464 INFO  service - Started process sing-box (22184).
2026-09-15T22:44:16.488 INFO  service - Service started successfully.
2026-09-15T22:44:26.107 WARN  service - Child process 'sing-box (22184)' finished with code 1.
2026-09-15T22:44:31.808 DEBUG console - Starting WinSW in service mode.
2026-09-15T22:44:31.857 INFO  service - Starting C:\Portable Softwares\sing-box-wincmd\service\core\sing-box.exe
2026-09-15T22:44:31.906 INFO  service - Started process sing-box (10960).
2026-09-15T22:44:31.929 INFO  service - Service started successfully.
2026-09-15T22:44:41.563 WARN  service - Child process 'sing-box (10960)' finished with code 1.
2026-09-15T22:44:56.634 DEBUG console - Starting WinSW in service mode.
2026-09-15T22:44:56.683 INFO  service - Starting C:\Portable Softwares\sing-box-wincmd\service\core\sing-box.exe
2026-09-15T22:44:56.733 INFO  service - Started process sing-box (24860).
2026-09-15T22:44:56.757 INFO  service - Service started successfully.
2026-09-15T22:45:06.374 WARN  service - Child process 'sing-box (24860)' finished with code 1.
2026-09-15T22:45:12.052 DEBUG console - Starting WinSW in service mode.
2026-09-15T22:45:12.102 INFO  service - Starting C:\Portable Softwares\sing-box-wincmd\service\core\sing-box.exe
2026-09-15T22:45:12.149 INFO  service - Started process sing-box (11476).
2026-09-15T22:45:12.174 INFO  service - Service started successfully.
2026-09-15T22:45:21.794 WARN  service - Child process 'sing-box (11476)' finished with code 1.
2026-09-15T22:45:36.893 DEBUG console - Starting WinSW in service mode.
2026-09-15T22:45:36.942 INFO  service - Starting C:\Portable Softwares\sing-box-wincmd\service\core\sing-box.exe
2026-09-15T22:45:36.993 INFO  service - Started process sing-box (22208).
2026-09-15T22:45:37.016 INFO  service - Service started successfully.
2026-09-15T22:45:46.640 WARN  service - Child process 'sing-box (22208)' finished with code 1.
2026-09-15T22:45:52.299 DEBUG console - Starting WinSW in service mode.
2026-09-15T22:45:52.347 INFO  service - Starting C:\Portable Softwares\sing-box-wincmd\service\core\sing-box.exe
2026-09-15T22:45:52.398 INFO  service - Started process sing-box (24340).
2026-09-15T22:45:52.422 INFO  service - Service started successfully.
2026-09-15T22:46:02.044 WARN  service - Child process 'sing-box (24340)' finished with code 1.
2026-09-15T22:46:17.138 DEBUG console - Starting WinSW in service mode.
2026-09-15T22:46:17.186 INFO  service - Starting C:\Portable Softwares\sing-box-wincmd\service\core\sing-box.exe
2026-09-15T22:46:17.238 INFO  service - Started process sing-box (26428).
2026-09-15T22:46:17.260 INFO  service - Service started successfully.
2026-09-15T22:46:26.886 WARN  service - Child process 'sing-box (26428)' finished with code 1.
2026-09-15T22:46:32.546 DEBUG console - Starting WinSW in service mode.
2026-09-15T22:46:32.594 INFO  service - Starting C:\Portable Softwares\sing-box-wincmd\service\core\sing-box.exe
2026-09-15T22:46:32.643 INFO  service - Started process sing-box (17752).
2026-09-15T22:46:32.667 INFO  service - Service started successfully.
2026-09-15T22:46:42.297 WARN  service - Child process 'sing-box (17752)' finished with code 1.
2026-09-15T22:46:57.393 DEBUG console - Starting WinSW in service mode.
2026-09-15T22:46:57.441 INFO  service - Starting C:\Portable Softwares\sing-box-wincmd\service\core\sing-box.exe
2026-09-15T22:46:57.491 INFO  service - Started process sing-box (6816).
2026-09-15T22:46:57.514 INFO  service - Service started successfully.
2026-09-15T22:47:07.132 WARN  service - Child process 'sing-box (6816)' finished with code 1.
2026-09-15T22:47:12.804 DEBUG console - Starting WinSW in service mode.
2026-09-15T22:47:12.851 INFO  service - Starting C:\Portable Softwares\sing-box-wincmd\service\core\sing-box.exe
2026-09-15T22:47:12.901 INFO  service - Started process sing-box (8664).
2026-09-15T22:47:12.923 INFO  service - Service started successfully.
2026-09-15T22:47:22.551 WARN  service - Child process 'sing-box (8664)' finished with code 1.
2026-09-15T22:47:37.650 DEBUG console - Starting WinSW in service mode.
2026-09-15T22:47:37.699 INFO  service - Starting C:\Portable Softwares\sing-box-wincmd\service\core\sing-box.exe
2026-09-15T22:47:37.751 INFO  service - Started process sing-box (24764).
2026-09-15T22:47:37.775 INFO  service - Service started successfully.
2026-09-15T22:47:47.400 WARN  service - Child process 'sing-box (24764)' finished with code 1.
2026-09-15T22:47:53.053 DEBUG console - Starting WinSW in service mode.
2026-09-15T22:47:53.101 INFO  service - Starting C:\Portable Softwares\sing-box-wincmd\service\core\sing-box.exe
2026-09-15T22:47:53.150 INFO  service - Started process sing-box (4740).
2026-09-15T22:47:53.174 INFO  service - Service started successfully.
2026-09-15T22:48:02.794 WARN  service - Child process 'sing-box (4740)' finished with code 1.
2026-09-15T22:48:17.926 DEBUG console - Starting WinSW in service mode.
2026-09-15T22:48:17.975 INFO  service - Starting C:\Portable Softwares\sing-box-wincmd\service\core\sing-box.exe
2026-09-15T22:48:18.027 INFO  service - Started process sing-box (24072).
2026-09-15T22:48:18.049 INFO  service - Service started successfully.
2026-09-15T22:48:27.673 WARN  service - Child process 'sing-box (24072)' finished with code 1.
2026-09-15T22:48:33.296 DEBUG console - Starting WinSW in service mode.
2026-09-15T22:48:33.344 INFO  service - Starting C:\Portable Softwares\sing-box-wincmd\service\core\sing-box.exe
2026-09-15T22:48:33.394 INFO  service - Started process sing-box (1256).
2026-09-15T22:48:33.418 INFO  service - Service started successfully.
2026-09-15T22:48:43.036 WARN  service - Child process 'sing-box (1256)' finished with code 1.
2026-09-15T22:48:58.171 DEBUG console - Starting WinSW in service mode.
2026-09-15T22:48:58.220 INFO  service - Starting C:\Portable Softwares\sing-box-wincmd\service\core\sing-box.exe
2026-09-15T22:48:58.270 INFO  service - Started process sing-box (26268).
2026-09-15T22:48:58.293 INFO  service - Service started successfully.
2026-09-15T22:49:07.912 WARN  service - Child process 'sing-box (26268)' finished with code 1.
2026-09-15T22:49:13.536 DEBUG console - Starting WinSW in service mode.
2026-09-15T22:49:13.585 INFO  service - Starting C:\Portable Softwares\sing-box-wincmd\service\core\sing-box.exe
2026-09-15T22:49:13.635 INFO  service - Started process sing-box (7548).
2026-09-15T22:49:13.658 INFO  service - Service started successfully.
2026-09-15T22:49:23.282 WARN  service - Child process 'sing-box (7548)' finished with code 1.
2026-09-15T22:49:38.394 DEBUG console - Starting WinSW in service mode.
2026-09-15T22:49:38.443 INFO  service - Starting C:\Portable Softwares\sing-box-wincmd\service\core\sing-box.exe
2026-09-15T22:49:38.492 INFO  service - Started process sing-box (27300).
2026-09-15T22:49:38.515 INFO  service - Service started successfully.
2026-09-15T22:49:48.142 WARN  service - Child process 'sing-box (27300)' finished with code 1.
2026-09-15T22:49:53.754 DEBUG console - Starting WinSW in service mode.
2026-09-15T22:49:53.803 INFO  service - Starting C:\Portable Softwares\sing-box-wincmd\service\core\sing-box.exe
2026-09-15T22:49:53.850 INFO  service - Started process sing-box (14636).
2026-09-15T22:49:53.873 INFO  service - Service started successfully.
2026-09-15T22:50:03.499 WARN  service - Child process 'sing-box (14636)' finished with code 1.
2026-09-15T22:50:18.639 DEBUG console - Starting WinSW in service mode.
2026-09-15T22:50:18.689 INFO  service - Starting C:\Portable Softwares\sing-box-wincmd\service\core\sing-box.exe
2026-09-15T22:50:18.741 INFO  service - Started process sing-box (10156).
2026-09-15T22:50:18.764 INFO  service - Service started successfully.
2026-09-15T22:50:28.389 WARN  service - Child process 'sing-box (10156)' finished with code 1.
2026-09-15T22:50:34.015 DEBUG console - Starting WinSW in service mode.
2026-09-15T22:50:34.063 INFO  service - Starting C:\Portable Softwares\sing-box-wincmd\service\core\sing-box.exe
2026-09-15T22:50:34.113 INFO  service - Started process sing-box (20164).
2026-09-15T22:50:34.136 INFO  service - Service started successfully.
2026-09-15T22:50:43.758 WARN  service - Child process 'sing-box (20164)' finished with code 1.
2026-09-15T22:50:58.876 DEBUG console - Starting WinSW in service mode.
2026-09-15T22:50:58.924 INFO  service - Starting C:\Portable Softwares\sing-box-wincmd\service\core\sing-box.exe
2026-09-15T22:50:58.974 INFO  service - Started process sing-box (26112).
2026-09-15T22:50:58.998 INFO  service - Service started successfully.
2026-09-15T22:51:08.622 WARN  service - Child process 'sing-box (26112)' finished with code 1.
2026-09-15T22:51:14.239 DEBUG console - Starting WinSW in service mode.
2026-09-15T22:51:14.287 INFO  service - Starting C:\Portable Softwares\sing-box-wincmd\service\core\sing-box.exe
2026-09-15T22:51:14.337 INFO  service - Started process sing-box (19832).
2026-09-15T22:51:14.360 INFO  service - Service started successfully.
2026-09-15T22:51:23.980 WARN  service - Child process 'sing-box (19832)' finished with code 1.
2026-09-15T22:51:39.105 DEBUG console - Starting WinSW in service mode.
2026-09-15T22:51:39.153 INFO  service - Starting C:\Portable Softwares\sing-box-wincmd\service\core\sing-box.exe
2026-09-15T22:51:39.203 INFO  service - Started process sing-box (2180).
2026-09-15T22:51:39.227 INFO  service - Service started successfully.
2026-09-15T22:51:48.843 WARN  service - Child process 'sing-box (2180)' finished with code 1.
2026-09-15T22:51:54.446 DEBUG console - Starting WinSW in service mode.
2026-09-15T22:51:54.494 INFO  service - Starting C:\Portable Softwares\sing-box-wincmd\service\core\sing-box.exe
2026-09-15T22:51:54.543 INFO  service - Started process sing-box (4852).
2026-09-15T22:51:54.568 INFO  service - Service started successfully.
2026-09-15T22:52:04.197 WARN  service - Child process 'sing-box (4852)' finished with code 1.
2026-09-15T22:52:19.329 DEBUG console - Starting WinSW in service mode.
2026-09-15T22:52:19.378 INFO  service - Starting C:\Portable Softwares\sing-box-wincmd\service\core\sing-box.exe
2026-09-15T22:52:19.428 INFO  service - Started process sing-box (10384).
2026-09-15T22:52:19.451 INFO  service - Service started successfully.
2026-09-15T22:52:29.077 WARN  service - Child process 'sing-box (10384)' finished with code 1.
2026-09-15T22:52:34.673 DEBUG console - Starting WinSW in service mode.
2026-09-15T22:52:34.723 INFO  service - Starting C:\Portable Softwares\sing-box-wincmd\service\core\sing-box.exe
2026-09-15T22:52:34.774 INFO  service - Started process sing-box (8208).
2026-09-15T22:52:34.799 INFO  service - Service started successfully.
2026-09-15T22:52:44.428 WARN  service - Child process 'sing-box (8208)' finished with code 1.
2026-09-15T22:52:59.598 DEBUG console - Starting WinSW in service mode.
2026-09-15T22:52:59.644 INFO  service - Starting C:\Portable Softwares\sing-box-wincmd\service\core\sing-box.exe
2026-09-15T22:52:59.692 INFO  service - Started process sing-box (13692).
2026-09-15T22:52:59.714 INFO  service - Service started successfully.
2026-09-15T22:53:09.336 WARN  service - Child process 'sing-box (13692)' finished with code 1.
2026-09-15T22:53:14.938 DEBUG console - Starting WinSW in service mode.
2026-09-15T22:53:14.986 INFO  service - Starting C:\Portable Softwares\sing-box-wincmd\service\core\sing-box.exe
2026-09-15T22:53:15.034 INFO  service - Started process sing-box (3740).
2026-09-15T22:53:15.059 INFO  service - Service started successfully.
2026-09-15T22:53:24.680 WARN  service - Child process 'sing-box (3740)' finished with code 1.
2026-09-15T22:53:39.818 DEBUG console - Starting WinSW in service mode.
2026-09-15T22:53:39.867 INFO  service - Starting C:\Portable Softwares\sing-box-wincmd\service\core\sing-box.exe
2026-09-15T22:53:39.916 INFO  service - Started process sing-box (5960).
2026-09-15T22:53:39.940 INFO  service - Service started successfully.
2026-09-15T22:53:49.558 WARN  service - Child process 'sing-box (5960)' finished with code 1.
2026-09-15T22:53:55.176 DEBUG console - Starting WinSW in service mode.
2026-09-15T22:53:55.225 INFO  service - Starting C:\Portable Softwares\sing-box-wincmd\service\core\sing-box.exe
2026-09-15T22:53:55.277 INFO  service - Started process sing-box (12376).
2026-09-15T22:53:55.301 INFO  service - Service started successfully.
2026-09-15T22:54:04.931 WARN  service - Child process 'sing-box (12376)' finished with code 1.
2026-09-15T22:54:20.068 DEBUG console - Starting WinSW in service mode.
2026-09-15T22:54:20.117 INFO  service - Starting C:\Portable Softwares\sing-box-wincmd\service\core\sing-box.exe
2026-09-15T22:54:20.166 INFO  service - Started process sing-box (18600).
2026-09-15T22:54:20.190 INFO  service - Service started successfully.
2026-09-15T22:54:29.812 WARN  service - Child process 'sing-box (18600)' finished with code 1.
2026-09-15T22:54:35.445 DEBUG console - Starting WinSW in service mode.
2026-09-15T22:54:35.494 INFO  service - Starting C:\Portable Softwares\sing-box-wincmd\service\core\sing-box.exe
2026-09-15T22:54:35.543 INFO  service - Started process sing-box (1804).
2026-09-15T22:54:35.566 INFO  service - Service started successfully.
2026-09-15T22:54:45.194 WARN  service - Child process 'sing-box (1804)' finished with code 1.
2026-09-15T22:55:00.293 DEBUG console - Starting WinSW in service mode.
2026-09-15T22:55:00.341 INFO  service - Starting C:\Portable Softwares\sing-box-wincmd\service\core\sing-box.exe
2026-09-15T22:55:00.391 INFO  service - Started process sing-box (15528).
2026-09-15T22:55:00.413 INFO  service - Service started successfully.
2026-09-15T22:55:10.037 WARN  service - Child process 'sing-box (15528)' finished with code 1.
2026-09-15T22:55:15.708 DEBUG console - Starting WinSW in service mode.
2026-09-15T22:55:15.756 INFO  service - Starting C:\Portable Softwares\sing-box-wincmd\service\core\sing-box.exe
2026-09-15T22:55:15.807 INFO  service - Started process sing-box (25648).
2026-09-15T22:55:15.830 INFO  service - Service started successfully.
2026-09-15T22:55:25.453 WARN  service - Child process 'sing-box (25648)' finished with code 1.
2026-09-15T22:55:40.550 DEBUG console - Starting WinSW in service mode.
2026-09-15T22:55:40.599 INFO  service - Starting C:\Portable Softwares\sing-box-wincmd\service\core\sing-box.exe
2026-09-15T22:55:40.647 INFO  service - Started process sing-box (27592).
2026-09-15T22:55:40.671 INFO  service - Service started successfully.
2026-09-15T22:55:50.290 WARN  service - Child process 'sing-box (27592)' finished with code 1.
2026-09-15T22:55:55.958 DEBUG console - Starting WinSW in service mode.
2026-09-15T22:55:56.006 INFO  service - Starting C:\Portable Softwares\sing-box-wincmd\service\core\sing-box.exe
2026-09-15T22:55:56.058 INFO  service - Started process sing-box (14216).
2026-09-15T22:55:56.081 INFO  service - Service started successfully.
2026-09-15T22:56:05.708 WARN  service - Child process 'sing-box (14216)' finished with code 1.
2026-09-15T22:56:20.820 DEBUG console - Starting WinSW in service mode.
2026-09-15T22:56:20.870 INFO  service - Starting C:\Portable Softwares\sing-box-wincmd\service\core\sing-box.exe
2026-09-15T22:56:20.921 INFO  service - Started process sing-box (7128).
2026-09-15T22:56:20.944 INFO  service - Service started successfully.
2026-09-15T22:56:30.561 WARN  service - Child process 'sing-box (7128)' finished with code 1.
2026-09-15T22:56:36.221 DEBUG console - Starting WinSW in service mode.
2026-09-15T22:56:36.270 INFO  service - Starting C:\Portable Softwares\sing-box-wincmd\service\core\sing-box.exe
2026-09-15T22:56:36.320 INFO  service - Started process sing-box (13064).
2026-09-15T22:56:36.345 INFO  service - Service started successfully.
2026-09-15T22:56:45.977 WARN  service - Child process 'sing-box (13064)' finished with code 1.
2026-09-15T22:57:01.062 DEBUG console - Starting WinSW in service mode.
2026-09-15T22:57:01.110 INFO  service - Starting C:\Portable Softwares\sing-box-wincmd\service\core\sing-box.exe
2026-09-15T22:57:01.160 INFO  service - Started process sing-box (24104).
2026-09-15T22:57:01.184 INFO  service - Service started successfully.
2026-09-15T22:57:10.802 WARN  service - Child process 'sing-box (24104)' finished with code 1.
2026-09-15T22:57:16.487 DEBUG console - Starting WinSW in service mode.
2026-09-15T22:57:16.539 INFO  service - Starting C:\Portable Softwares\sing-box-wincmd\service\core\sing-box.exe
2026-09-15T22:57:16.602 INFO  service - Started process sing-box (26112).
2026-09-15T22:57:16.627 INFO  service - Service started successfully.
2026-09-15T22:57:26.253 WARN  service - Child process 'sing-box (26112)' finished with code 1.
2026-09-15T22:57:41.298 DEBUG console - Starting WinSW in service mode.
2026-09-15T22:57:41.348 INFO  service - Starting C:\Portable Softwares\sing-box-wincmd\service\core\sing-box.exe
2026-09-15T22:57:41.398 INFO  service - Started process sing-box (20276).
2026-09-15T22:57:41.422 INFO  service - Service started successfully.
2026-09-15T22:57:51.042 WARN  service - Child process 'sing-box (20276)' finished with code 1.
2026-09-15T22:57:56.767 DEBUG console - Starting WinSW in service mode.
2026-09-15T22:57:56.816 INFO  service - Starting C:\Portable Softwares\sing-box-wincmd\service\core\sing-box.exe
2026-09-15T22:57:56.866 INFO  service - Started process sing-box (11616).
2026-09-15T22:57:56.889 INFO  service - Service started successfully.
2026-09-15T22:58:06.514 WARN  service - Child process 'sing-box (11616)' finished with code 1.
2026-09-15T22:58:21.567 DEBUG console - Starting WinSW in service mode.
2026-09-15T22:58:21.616 INFO  service - Starting C:\Portable Softwares\sing-box-wincmd\service\core\sing-box.exe
2026-09-15T22:58:21.666 INFO  service - Started process sing-box (13824).
2026-09-15T22:58:21.690 INFO  service - Service started successfully.
2026-09-15T22:58:31.313 WARN  service - Child process 'sing-box (13824)' finished with code 1.
2026-09-15T22:58:36.997 DEBUG console - Starting WinSW in service mode.
2026-09-15T22:58:37.046 INFO  service - Starting C:\Portable Softwares\sing-box-wincmd\service\core\sing-box.exe
2026-09-15T22:58:37.094 INFO  service - Started process sing-box (22500).
2026-09-15T22:58:37.118 INFO  service - Service started successfully.
2026-09-15T22:58:46.743 WARN  service - Child process 'sing-box (22500)' finished with code 1.
2026-09-15T22:59:01.822 DEBUG console - Starting WinSW in service mode.
2026-09-15T22:59:01.871 INFO  service - Starting C:\Portable Softwares\sing-box-wincmd\service\core\sing-box.exe
2026-09-15T22:59:01.920 INFO  service - Started process sing-box (26252).
2026-09-15T22:59:01.943 INFO  service - Service started successfully.
2026-09-15T22:59:11.565 WARN  service - Child process 'sing-box (26252)' finished with code 1.
2026-09-15T22:59:17.235 DEBUG console - Starting WinSW in service mode.
2026-09-15T22:59:17.283 INFO  service - Starting C:\Portable Softwares\sing-box-wincmd\service\core\sing-box.exe
2026-09-15T22:59:17.335 INFO  service - Started process sing-box (27040).
2026-09-15T22:59:17.362 INFO  service - Service started successfully.
2026-09-15T22:59:26.992 WARN  service - Child process 'sing-box (27040)' finished with code 1.
2026-09-15T22:59:42.064 DEBUG console - Starting WinSW in service mode.
2026-09-15T22:59:42.112 INFO  service - Starting C:\Portable Softwares\sing-box-wincmd\service\core\sing-box.exe
2026-09-15T22:59:42.164 INFO  service - Started process sing-box (12360).
2026-09-15T22:59:42.187 INFO  service - Service started successfully.
2026-09-15T22:59:51.804 WARN  service - Child process 'sing-box (12360)' finished with code 1.
2026-09-15T22:59:57.493 DEBUG console - Starting WinSW in service mode.
2026-09-15T22:59:57.541 INFO  service - Starting C:\Portable Softwares\sing-box-wincmd\service\core\sing-box.exe
2026-09-15T22:59:57.588 INFO  service - Started process sing-box (11596).
2026-09-15T22:59:57.612 INFO  service - Service started successfully.
2026-09-15T23:00:07.235 WARN  service - Child process 'sing-box (11596)' finished with code 1.
2026-09-15T23:00:22.311 DEBUG console - Starting WinSW in service mode.
2026-09-15T23:00:22.359 INFO  service - Starting C:\Portable Softwares\sing-box-wincmd\service\core\sing-box.exe
2026-09-15T23:00:22.410 INFO  service - Started process sing-box (20232).
2026-09-15T23:00:22.433 INFO  service - Service started successfully.
2026-09-15T23:00:32.056 WARN  service - Child process 'sing-box (20232)' finished with code 1.
2026-09-15T23:00:37.721 DEBUG console - Starting WinSW in service mode.
2026-09-15T23:00:37.768 INFO  service - Starting C:\Portable Softwares\sing-box-wincmd\service\core\sing-box.exe
2026-09-15T23:00:37.819 INFO  service - Started process sing-box (22036).
2026-09-15T23:00:37.842 INFO  service - Service started successfully.
2026-09-15T23:00:47.465 WARN  service - Child process 'sing-box (22036)' finished with code 1.
2026-09-15T23:01:02.568 DEBUG console - Starting WinSW in service mode.
2026-09-15T23:01:02.619 INFO  service - Starting C:\Portable Softwares\sing-box-wincmd\service\core\sing-box.exe
2026-09-15T23:01:02.670 INFO  service - Started process sing-box (23768).
2026-09-15T23:01:02.693 INFO  service - Service started successfully.
2026-09-15T23:01:12.315 WARN  service - Child process 'sing-box (23768)' finished with code 1.
2026-09-15T23:01:17.984 DEBUG console - Starting WinSW in service mode.
2026-09-15T23:01:18.032 INFO  service - Starting C:\Portable Softwares\sing-box-wincmd\service\core\sing-box.exe
2026-09-15T23:01:18.084 INFO  service - Started process sing-box (12464).
2026-09-15T23:01:18.108 INFO  service - Service started successfully.
2026-09-15T23:01:27.735 WARN  service - Child process 'sing-box (12464)' finished with code 1.
2026-09-15T23:01:42.830 DEBUG console - Starting WinSW in service mode.
2026-09-15T23:01:42.877 INFO  service - Starting C:\Portable Softwares\sing-box-wincmd\service\core\sing-box.exe
2026-09-15T23:01:42.926 INFO  service - Started process sing-box (16524).
2026-09-15T23:01:42.950 INFO  service - Service started successfully.
2026-09-15T23:01:52.573 WARN  service - Child process 'sing-box (16524)' finished with code 1.
2026-09-15T23:01:58.218 DEBUG console - Starting WinSW in service mode.
2026-09-15T23:01:58.266 INFO  service - Starting C:\Portable Softwares\sing-box-wincmd\service\core\sing-box.exe
2026-09-15T23:01:58.313 INFO  service - Started process sing-box (8272).
2026-09-15T23:01:58.337 INFO  service - Service started successfully.
2026-09-15T23:02:07.962 WARN  service - Child process 'sing-box (8272)' finished with code 1.
2026-09-15T23:02:23.090 DEBUG console - Starting WinSW in service mode.
2026-09-15T23:02:23.138 INFO  service - Starting C:\Portable Softwares\sing-box-wincmd\service\core\sing-box.exe
2026-09-15T23:02:23.187 INFO  service - Started process sing-box (25764).
2026-09-15T23:02:23.210 INFO  service - Service started successfully.
2026-09-15T23:02:32.830 WARN  service - Child process 'sing-box (25764)' finished with code 1.
2026-09-15T23:02:38.459 DEBUG console - Starting WinSW in service mode.
2026-09-15T23:02:38.507 INFO  service - Starting C:\Portable Softwares\sing-box-wincmd\service\core\sing-box.exe
2026-09-15T23:02:38.558 INFO  service - Started process sing-box (22904).
2026-09-15T23:02:38.582 INFO  service - Service started successfully.
2026-09-15T23:02:48.207 WARN  service - Child process 'sing-box (22904)' finished with code 1.
2026-09-15T23:03:03.334 DEBUG console - Starting WinSW in service mode.
2026-09-15T23:03:03.382 INFO  service - Starting C:\Portable Softwares\sing-box-wincmd\service\core\sing-box.exe
2026-09-15T23:03:03.434 INFO  service - Started process sing-box (17160).
2026-09-15T23:03:03.458 INFO  service - Service started successfully.
2026-09-15T23:03:13.081 WARN  service - Child process 'sing-box (17160)' finished with code 1.
2026-09-15T23:03:18.720 DEBUG console - Starting WinSW in service mode.
2026-09-15T23:03:18.767 INFO  service - Starting C:\Portable Softwares\sing-box-wincmd\service\core\sing-box.exe
2026-09-15T23:03:18.815 INFO  service - Started process sing-box (7544).
2026-09-15T23:03:18.841 INFO  service - Service started successfully.
2026-09-15T23:03:28.471 WARN  service - Child process 'sing-box (7544)' finished with code 1.
2026-09-15T23:03:43.584 DEBUG console - Starting WinSW in service mode.
2026-09-15T23:03:43.634 INFO  service - Starting C:\Portable Softwares\sing-box-wincmd\service\core\sing-box.exe
2026-09-15T23:03:43.684 INFO  service - Started process sing-box (26892).
2026-09-15T23:03:43.707 INFO  service - Service started successfully.
2026-09-15T23:03:53.324 WARN  service - Child process 'sing-box (26892)' finished with code 1.
2026-09-15T23:03:58.981 DEBUG console - Starting WinSW in service mode.
2026-09-15T23:03:59.031 INFO  service - Starting C:\Portable Softwares\sing-box-wincmd\service\core\sing-box.exe
2026-09-15T23:03:59.081 INFO  service - Started process sing-box (7608).
2026-09-15T23:03:59.104 INFO  service - Service started successfully.
2026-09-15T23:04:08.724 WARN  service - Child process 'sing-box (7608)' finished with code 1.
2026-09-15T23:04:23.834 DEBUG console - Starting WinSW in service mode.
2026-09-15T23:04:23.883 INFO  service - Starting C:\Portable Softwares\sing-box-wincmd\service\core\sing-box.exe
2026-09-15T23:04:23.932 INFO  service - Started process sing-box (24004).
2026-09-15T23:04:23.955 INFO  service - Service started successfully.
2026-09-15T23:04:33.581 WARN  service - Child process 'sing-box (24004)' finished with code 1.
2026-09-15T23:04:39.219 DEBUG console - Starting WinSW in service mode.
2026-09-15T23:04:39.267 INFO  service - Starting C:\Portable Softwares\sing-box-wincmd\service\core\sing-box.exe
2026-09-15T23:04:39.317 INFO  service - Started process sing-box (2696).
2026-09-15T23:04:39.340 INFO  service - Service started successfully.
2026-09-15T23:04:48.958 WARN  service - Child process 'sing-box (2696)' finished with code 1.
2026-09-15T23:05:04.071 DEBUG console - Starting WinSW in service mode.
2026-09-15T23:05:04.119 INFO  service - Starting C:\Portable Softwares\sing-box-wincmd\service\core\sing-box.exe
2026-09-15T23:05:04.170 INFO  service - Started process sing-box (3648).
2026-09-15T23:05:04.193 INFO  service - Service started successfully.
2026-09-15T23:05:13.818 WARN  service - Child process 'sing-box (3648)' finished with code 1.
2026-09-15T23:05:19.471 DEBUG console - Starting WinSW in service mode.
2026-09-15T23:05:19.524 INFO  service - Starting C:\Portable Softwares\sing-box-wincmd\service\core\sing-box.exe
2026-09-15T23:05:19.579 INFO  service - Started process sing-box (19420).
2026-09-15T23:05:19.604 INFO  service - Service started successfully.
2026-09-15T23:05:29.225 WARN  service - Child process 'sing-box (19420)' finished with code 1.
2026-09-15T23:05:44.337 DEBUG console - Starting WinSW in service mode.
2026-09-15T23:05:44.386 INFO  service - Starting C:\Portable Softwares\sing-box-wincmd\service\core\sing-box.exe
2026-09-15T23:05:44.434 INFO  service - Started process sing-box (26056).
2026-09-15T23:05:44.457 INFO  service - Service started successfully.
2026-09-15T23:05:54.081 WARN  service - Child process 'sing-box (26056)' finished with code 1.
2026-09-15T23:05:59.736 DEBUG console - Starting WinSW in service mode.
2026-09-15T23:05:59.786 INFO  service - Starting C:\Portable Softwares\sing-box-wincmd\service\core\sing-box.exe
2026-09-15T23:05:59.835 INFO  service - Started process sing-box (4720).
2026-09-15T23:05:59.859 INFO  service - Service started successfully.
2026-09-15T23:06:09.483 WARN  service - Child process 'sing-box (4720)' finished with code 1.
2026-09-15T23:06:24.578 DEBUG console - Starting WinSW in service mode.
2026-09-15T23:06:24.629 INFO  service - Starting C:\Portable Softwares\sing-box-wincmd\service\core\sing-box.exe
2026-09-15T23:06:24.678 INFO  service - Started process sing-box (26228).
2026-09-15T23:06:24.703 INFO  service - Service started successfully.
2026-09-15T23:06:34.323 WARN  service - Child process 'sing-box (26228)' finished with code 1.
2026-09-15T23:06:39.979 DEBUG console - Starting WinSW in service mode.
2026-09-15T23:06:40.027 INFO  service - Starting C:\Portable Softwares\sing-box-wincmd\service\core\sing-box.exe
2026-09-15T23:06:40.075 INFO  service - Started process sing-box (12904).
2026-09-15T23:06:40.098 INFO  service - Service started successfully.
2026-09-15T23:06:49.725 WARN  service - Child process 'sing-box (12904)' finished with code 1.
2026-09-15T23:07:04.849 DEBUG console - Starting WinSW in service mode.
2026-09-15T23:07:04.899 INFO  service - Starting C:\Portable Softwares\sing-box-wincmd\service\core\sing-box.exe
2026-09-15T23:07:04.951 INFO  service - Started process sing-box (25060).
2026-09-15T23:07:04.975 INFO  service - Service started successfully.
2026-09-15T23:07:14.601 WARN  service - Child process 'sing-box (25060)' finished with code 1.
2026-09-15T23:07:20.216 DEBUG console - Starting WinSW in service mode.
2026-09-15T23:07:20.265 INFO  service - Starting C:\Portable Softwares\sing-box-wincmd\service\core\sing-box.exe
2026-09-15T23:07:20.316 INFO  service - Started process sing-box (18060).
2026-09-15T23:07:20.340 INFO  service - Service started successfully.
2026-09-15T23:07:29.959 WARN  service - Child process 'sing-box (18060)' finished with code 1.
2026-09-15T23:07:45.112 DEBUG console - Starting WinSW in service mode.
2026-09-15T23:07:45.162 INFO  service - Starting C:\Portable Softwares\sing-box-wincmd\service\core\sing-box.exe
2026-09-15T23:07:45.211 INFO  service - Started process sing-box (13748).
2026-09-15T23:07:45.234 INFO  service - Service started successfully.
2026-09-15T23:07:54.861 WARN  service - Child process 'sing-box (13748)' finished with code 1.
2026-09-15T23:08:00.460 DEBUG console - Starting WinSW in service mode.
2026-09-15T23:08:00.508 INFO  service - Starting C:\Portable Softwares\sing-box-wincmd\service\core\sing-box.exe
2026-09-15T23:08:00.559 INFO  service - Started process sing-box (20092).
2026-09-15T23:08:00.582 INFO  service - Service started successfully.
2026-09-15T23:08:10.200 WARN  service - Child process 'sing-box (20092)' finished with code 1.
2026-09-15T23:08:25.371 DEBUG console - Starting WinSW in service mode.
2026-09-15T23:08:25.420 INFO  service - Starting C:\Portable Softwares\sing-box-wincmd\service\core\sing-box.exe
2026-09-15T23:08:25.469 INFO  service - Started process sing-box (6904).
2026-09-15T23:08:25.494 INFO  service - Service started successfully.
2026-09-15T23:08:35.119 WARN  service - Child process 'sing-box (6904)' finished with code 1.
2026-09-15T23:08:40.677 DEBUG console - Starting WinSW in service mode.
2026-09-15T23:08:40.727 INFO  service - Starting C:\Portable Softwares\sing-box-wincmd\service\core\sing-box.exe
2026-09-15T23:08:40.776 INFO  service - Started process sing-box (11604).
2026-09-15T23:08:40.799 INFO  service - Service started successfully.
2026-09-15T23:08:50.422 WARN  service - Child process 'sing-box (11604)' finished with code 1.
2026-09-15T23:09:05.619 DEBUG console - Starting WinSW in service mode.
2026-09-15T23:09:05.669 INFO  service - Starting C:\Portable Softwares\sing-box-wincmd\service\core\sing-box.exe
2026-09-15T23:09:05.720 INFO  service - Started process sing-box (27460).
2026-09-15T23:09:05.744 INFO  service - Service started successfully.
2026-09-15T23:09:15.368 WARN  service - Child process 'sing-box (27460)' finished with code 1.
2026-09-15T23:09:20.932 DEBUG console - Starting WinSW in service mode.
2026-09-15T23:09:20.981 INFO  service - Starting C:\Portable Softwares\sing-box-wincmd\service\core\sing-box.exe
2026-09-15T23:09:21.033 INFO  service - Started process sing-box (13772).
2026-09-15T23:09:21.056 INFO  service - Service started successfully.
2026-09-15T23:09:30.683 WARN  service - Child process 'sing-box (13772)' finished with code 1.
2026-09-15T23:09:45.854 DEBUG console - Starting WinSW in service mode.
2026-09-15T23:09:45.902 INFO  service - Starting C:\Portable Softwares\sing-box-wincmd\service\core\sing-box.exe
2026-09-15T23:09:45.954 INFO  service - Started process sing-box (14596).
2026-09-15T23:09:45.978 INFO  service - Service started successfully.
2026-09-15T23:09:55.604 WARN  service - Child process 'sing-box (14596)' finished with code 1.
2026-09-15T23:10:01.196 DEBUG console - Starting WinSW in service mode.
2026-09-15T23:10:01.244 INFO  service - Starting C:\Portable Softwares\sing-box-wincmd\service\core\sing-box.exe
2026-09-15T23:10:01.294 INFO  service - Started process sing-box (12700).
2026-09-15T23:10:01.317 INFO  service - Service started successfully.
2026-09-15T23:10:10.933 WARN  service - Child process 'sing-box (12700)' finished with code 1.
2026-09-15T23:10:26.120 DEBUG console - Starting WinSW in service mode.
2026-09-15T23:10:26.167 INFO  service - Starting C:\Portable Softwares\sing-box-wincmd\service\core\sing-box.exe
2026-09-15T23:10:26.219 INFO  service - Started process sing-box (11944).
2026-09-15T23:10:26.242 INFO  service - Service started successfully.
2026-09-15T23:10:35.857 WARN  service - Child process 'sing-box (11944)' finished with code 1.
2026-09-15T23:10:41.452 DEBUG console - Starting WinSW in service mode.
2026-09-15T23:10:41.500 INFO  service - Starting C:\Portable Softwares\sing-box-wincmd\service\core\sing-box.exe
2026-09-15T23:10:41.547 INFO  service - Started process sing-box (17696).
2026-09-15T23:10:41.572 INFO  service - Service started successfully.
2026-09-15T23:10:51.195 WARN  service - Child process 'sing-box (17696)' finished with code 1.
2026-09-15T23:11:06.369 DEBUG console - Starting WinSW in service mode.
2026-09-15T23:11:06.418 INFO  service - Starting C:\Portable Softwares\sing-box-wincmd\service\core\sing-box.exe
2026-09-15T23:11:06.466 INFO  service - Started process sing-box (14892).
2026-09-15T23:11:06.491 INFO  service - Service started successfully.
2026-09-15T23:11:16.120 WARN  service - Child process 'sing-box (14892)' finished with code 1.
2026-09-15T23:11:21.681 DEBUG console - Starting WinSW in service mode.
2026-09-15T23:11:21.731 INFO  service - Starting C:\Portable Softwares\sing-box-wincmd\service\core\sing-box.exe
2026-09-15T23:11:21.781 INFO  service - Started process sing-box (8860).
2026-09-15T23:11:21.805 INFO  service - Service started successfully.
2026-09-15T23:11:31.431 WARN  service - Child process 'sing-box (8860)' finished with code 1.
2026-09-15T23:11:46.608 DEBUG console - Starting WinSW in service mode.
2026-09-15T23:11:46.656 INFO  service - Starting C:\Portable Softwares\sing-box-wincmd\service\core\sing-box.exe
2026-09-15T23:11:46.705 INFO  service - Started process sing-box (16088).
2026-09-15T23:11:46.730 INFO  service - Service started successfully.
2026-09-15T23:11:56.360 WARN  service - Child process 'sing-box (16088)' finished with code 1.
2026-09-15T23:12:01.910 DEBUG console - Starting WinSW in service mode.
2026-09-15T23:12:01.958 INFO  service - Starting C:\Portable Softwares\sing-box-wincmd\service\core\sing-box.exe
2026-09-15T23:12:02.007 INFO  service - Started process sing-box (22772).
2026-09-15T23:12:02.031 INFO  service - Service started successfully.
2026-09-15T23:12:11.651 WARN  service - Child process 'sing-box (22772)' finished with code 1.
2026-09-15T23:12:26.877 DEBUG console - Starting WinSW in service mode.
2026-09-15T23:12:26.931 INFO  service - Starting C:\Portable Softwares\sing-box-wincmd\service\core\sing-box.exe
2026-09-15T23:12:26.981 INFO  service - Started process sing-box (21640).
2026-09-15T23:12:27.007 INFO  service - Service started successfully.
2026-09-15T23:12:36.631 WARN  service - Child process 'sing-box (21640)' finished with code 1.
2026-09-15T23:12:42.158 DEBUG console - Starting WinSW in service mode.
2026-09-15T23:12:42.205 INFO  service - Starting C:\Portable Softwares\sing-box-wincmd\service\core\sing-box.exe
2026-09-15T23:12:42.255 INFO  service - Started process sing-box (17464).
2026-09-15T23:12:42.278 INFO  service - Service started successfully.
2026-09-15T23:12:51.899 WARN  service - Child process 'sing-box (17464)' finished with code 1.
2026-09-15T23:13:07.148 DEBUG console - Starting WinSW in service mode.
2026-09-15T23:13:07.197 INFO  service - Starting C:\Portable Softwares\sing-box-wincmd\service\core\sing-box.exe
2026-09-15T23:13:07.247 INFO  service - Started process sing-box (2240).
2026-09-15T23:13:07.271 INFO  service - Service started successfully.
2026-09-15T23:13:16.892 WARN  service - Child process 'sing-box (2240)' finished with code 1.
2026-09-15T23:13:22.411 DEBUG console - Starting WinSW in service mode.
2026-09-15T23:13:22.459 INFO  service - Starting C:\Portable Softwares\sing-box-wincmd\service\core\sing-box.exe
2026-09-15T23:13:22.507 INFO  service - Started process sing-box (2940).
2026-09-15T23:13:22.529 INFO  service - Service started successfully.
2026-09-15T23:13:32.160 WARN  service - Child process 'sing-box (2940)' finished with code 1.
2026-09-15T23:13:47.409 DEBUG console - Starting WinSW in service mode.
2026-09-15T23:13:47.461 INFO  service - Starting C:\Portable Softwares\sing-box-wincmd\service\core\sing-box.exe
2026-09-15T23:13:47.510 INFO  service - Started process sing-box (17924).
2026-09-15T23:13:47.534 INFO  service - Service started successfully.
2026-09-15T23:13:57.160 WARN  service - Child process 'sing-box (17924)' finished with code 1.
2026-09-15T23:14:02.645 DEBUG console - Starting WinSW in service mode.
2026-09-15T23:14:02.695 INFO  service - Starting C:\Portable Softwares\sing-box-wincmd\service\core\sing-box.exe
2026-09-15T23:14:02.743 INFO  service - Started process sing-box (27312).
2026-09-15T23:14:02.767 INFO  service - Service started successfully.
2026-09-15T23:14:12.390 WARN  service - Child process 'sing-box (27312)' finished with code 1.
2026-09-15T23:14:27.648 DEBUG console - Starting WinSW in service mode.
2026-09-15T23:14:27.697 INFO  service - Starting C:\Portable Softwares\sing-box-wincmd\service\core\sing-box.exe
2026-09-15T23:14:27.750 INFO  service - Started process sing-box (3200).
2026-09-15T23:14:27.773 INFO  service - Service started successfully.
2026-09-15T23:14:37.399 WARN  service - Child process 'sing-box (3200)' finished with code 1.
2026-09-15T23:14:42.886 DEBUG console - Starting WinSW in service mode.
2026-09-15T23:14:42.937 INFO  service - Starting C:\Portable Softwares\sing-box-wincmd\service\core\sing-box.exe
2026-09-15T23:14:42.985 INFO  service - Started process sing-box (26364).
2026-09-15T23:14:43.008 INFO  service - Service started successfully.
2026-09-15T23:14:52.635 WARN  service - Child process 'sing-box (26364)' finished with code 1.
2026-09-15T23:15:07.888 DEBUG console - Starting WinSW in service mode.
2026-09-15T23:15:07.937 INFO  service - Starting C:\Portable Softwares\sing-box-wincmd\service\core\sing-box.exe
2026-09-15T23:15:07.986 INFO  service - Started process sing-box (24984).
2026-09-15T23:15:08.009 INFO  service - Service started successfully.
2026-09-15T23:15:17.630 WARN  service - Child process 'sing-box (24984)' finished with code 1.
2026-09-15T23:15:23.117 DEBUG console - Starting WinSW in service mode.
2026-09-15T23:15:23.164 INFO  service - Starting C:\Portable Softwares\sing-box-wincmd\service\core\sing-box.exe
2026-09-15T23:15:23.220 INFO  service - Started process sing-box (7080).
2026-09-15T23:15:23.244 INFO  service - Service started successfully.
2026-09-15T23:15:32.875 WARN  service - Child process 'sing-box (7080)' finished with code 1.
2026-09-15T23:15:48.110 DEBUG console - Starting WinSW in service mode.
2026-09-15T23:15:48.158 INFO  service - Starting C:\Portable Softwares\sing-box-wincmd\service\core\sing-box.exe
2026-09-15T23:15:48.207 INFO  service - Started process sing-box (3504).
2026-09-15T23:15:48.231 INFO  service - Service started successfully.
2026-09-15T23:15:57.854 WARN  service - Child process 'sing-box (3504)' finished with code 1.
2026-09-15T23:16:03.349 DEBUG console - Starting WinSW in service mode.
2026-09-15T23:16:03.397 INFO  service - Starting C:\Portable Softwares\sing-box-wincmd\service\core\sing-box.exe
2026-09-15T23:16:03.445 INFO  service - Started process sing-box (18060).
2026-09-15T23:16:03.468 INFO  service - Service started successfully.
2026-09-15T23:16:13.100 WARN  service - Child process 'sing-box (18060)' finished with code 1.
2026-09-15T23:16:28.330 DEBUG console - Starting WinSW in service mode.
2026-09-15T23:16:28.379 INFO  service - Starting C:\Portable Softwares\sing-box-wincmd\service\core\sing-box.exe
2026-09-15T23:16:28.428 INFO  service - Started process sing-box (19576).
2026-09-15T23:16:28.450 INFO  service - Service started successfully.
2026-09-15T23:16:38.075 WARN  service - Child process 'sing-box (19576)' finished with code 1.
2026-09-15T23:16:43.580 DEBUG console - Starting WinSW in service mode.
2026-09-15T23:16:43.629 INFO  service - Starting C:\Portable Softwares\sing-box-wincmd\service\core\sing-box.exe
2026-09-15T23:16:43.676 INFO  service - Started process sing-box (18560).
2026-09-15T23:16:43.700 INFO  service - Service started successfully.
2026-09-15T23:16:53.322 WARN  service - Child process 'sing-box (18560)' finished with code 1.
2026-09-15T23:17:08.556 DEBUG console - Starting WinSW in service mode.
2026-09-15T23:17:08.604 INFO  service - Starting C:\Portable Softwares\sing-box-wincmd\service\core\sing-box.exe
2026-09-15T23:17:08.651 INFO  service - Started process sing-box (14308).
2026-09-15T23:17:08.675 INFO  service - Service started successfully.
2026-09-15T23:17:18.301 WARN  service - Child process 'sing-box (14308)' finished with code 1.
2026-09-15T23:17:23.796 DEBUG console - Starting WinSW in service mode.
2026-09-15T23:17:23.844 INFO  service - Starting C:\Portable Softwares\sing-box-wincmd\service\core\sing-box.exe
2026-09-15T23:17:23.892 INFO  service - Started process sing-box (8924).
2026-09-15T23:17:23.916 INFO  service - Service started successfully.
2026-09-15T23:17:33.547 WARN  service - Child process 'sing-box (8924)' finished with code 1.
2026-09-15T23:17:48.779 DEBUG console - Starting WinSW in service mode.
2026-09-15T23:17:48.828 INFO  service - Starting C:\Portable Softwares\sing-box-wincmd\service\core\sing-box.exe
2026-09-15T23:17:48.874 INFO  service - Started process sing-box (8052).
2026-09-15T23:17:48.898 INFO  service - Service started successfully.
2026-09-15T23:17:58.521 WARN  service - Child process 'sing-box (8052)' finished with code 1.
2026-09-15T23:18:04.027 DEBUG console - Starting WinSW in service mode.
2026-09-15T23:18:04.075 INFO  service - Starting C:\Portable Softwares\sing-box-wincmd\service\core\sing-box.exe
2026-09-15T23:18:04.126 INFO  service - Started process sing-box (14808).
2026-09-15T23:18:04.149 INFO  service - Service started successfully.
2026-09-15T23:18:13.782 WARN  service - Child process 'sing-box (14808)' finished with code 1.
2026-09-15T23:18:29.004 DEBUG console - Starting WinSW in service mode.
2026-09-15T23:18:29.052 INFO  service - Starting C:\Portable Softwares\sing-box-wincmd\service\core\sing-box.exe
2026-09-15T23:18:29.100 INFO  service - Started process sing-box (24104).
2026-09-15T23:18:29.123 INFO  service - Service started successfully.
2026-09-15T23:18:38.741 WARN  service - Child process 'sing-box (24104)' finished with code 1.
2026-09-15T23:18:44.269 DEBUG console - Starting WinSW in service mode.
2026-09-15T23:18:44.318 INFO  service - Starting C:\Portable Softwares\sing-box-wincmd\service\core\sing-box.exe
2026-09-15T23:18:44.365 INFO  service - Started process sing-box (8676).
2026-09-15T23:18:44.388 INFO  service - Service started successfully.
2026-09-15T23:18:54.014 WARN  service - Child process 'sing-box (8676)' finished with code 1.
2026-09-15T23:19:09.226 DEBUG console - Starting WinSW in service mode.
2026-09-15T23:19:09.273 INFO  service - Starting C:\Portable Softwares\sing-box-wincmd\service\core\sing-box.exe
2026-09-15T23:19:09.322 INFO  service - Started process sing-box (4528).
2026-09-15T23:19:09.345 INFO  service - Service started successfully.
2026-09-15T23:19:18.971 WARN  service - Child process 'sing-box (4528)' finished with code 1.
2026-09-15T23:19:24.501 DEBUG console - Starting WinSW in service mode.
2026-09-15T23:19:24.549 INFO  service - Starting C:\Portable Softwares\sing-box-wincmd\service\core\sing-box.exe
2026-09-15T23:19:24.599 INFO  service - Started process sing-box (19068).
2026-09-15T23:19:24.621 INFO  service - Service started successfully.
2026-09-15T23:19:34.241 WARN  service - Child process 'sing-box (19068)' finished with code 1.
2026-09-15T23:19:49.461 DEBUG console - Starting WinSW in service mode.
2026-09-15T23:19:49.508 INFO  service - Starting C:\Portable Softwares\sing-box-wincmd\service\core\sing-box.exe
2026-09-15T23:19:49.554 INFO  service - Started process sing-box (8132).
2026-09-15T23:19:49.578 INFO  service - Service started successfully.
2026-09-15T23:19:59.202 WARN  service - Child process 'sing-box (8132)' finished with code 1.
2026-09-15T23:20:04.735 DEBUG console - Starting WinSW in service mode.
2026-09-15T23:20:04.782 INFO  service - Starting C:\Portable Softwares\sing-box-wincmd\service\core\sing-box.exe
2026-09-15T23:20:04.831 INFO  service - Started process sing-box (15928).
2026-09-15T23:20:04.854 INFO  service - Service started successfully.
2026-09-15T23:20:14.481 WARN  service - Child process 'sing-box (15928)' finished with code 1.
2026-09-15T23:20:29.698 DEBUG console - Starting WinSW in service mode.
2026-09-15T23:20:29.745 INFO  service - Starting C:\Portable Softwares\sing-box-wincmd\service\core\sing-box.exe
2026-09-15T23:20:29.793 INFO  service - Started process sing-box (15060).
2026-09-15T23:20:29.816 INFO  service - Service started successfully.
2026-09-15T23:20:39.439 WARN  service - Child process 'sing-box (15060)' finished with code 1.
2026-09-15T23:20:44.973 DEBUG console - Starting WinSW in service mode.
2026-09-15T23:20:45.021 INFO  service - Starting C:\Portable Softwares\sing-box-wincmd\service\core\sing-box.exe
2026-09-15T23:20:45.069 INFO  service - Started process sing-box (22040).
2026-09-15T23:20:45.091 INFO  service - Service started successfully.
2026-09-15T23:20:54.722 WARN  service - Child process 'sing-box (22040)' finished with code 1.
2026-09-15T23:21:09.922 DEBUG console - Starting WinSW in service mode.
2026-09-15T23:21:09.969 INFO  service - Starting C:\Portable Softwares\sing-box-wincmd\service\core\sing-box.exe
2026-09-15T23:21:10.016 INFO  service - Started process sing-box (14376).
2026-09-15T23:21:10.039 INFO  service - Service started successfully.
2026-09-15T23:21:19.670 WARN  service - Child process 'sing-box (14376)' finished with code 1.
2026-09-15T23:21:25.227 DEBUG console - Starting WinSW in service mode.
2026-09-15T23:21:25.275 INFO  service - Starting C:\Portable Softwares\sing-box-wincmd\service\core\sing-box.exe
2026-09-15T23:21:25.324 INFO  service - Started process sing-box (15136).
2026-09-15T23:21:25.346 INFO  service - Service started successfully.
2026-09-15T23:21:34.973 WARN  service - Child process 'sing-box (15136)' finished with code 1.
2026-09-15T23:21:50.174 DEBUG console - Starting WinSW in service mode.
2026-09-15T23:21:50.222 INFO  service - Starting C:\Portable Softwares\sing-box-wincmd\service\core\sing-box.exe
2026-09-15T23:21:50.275 INFO  service - Started process sing-box (25032).
2026-09-15T23:21:50.299 INFO  service - Service started successfully.
2026-09-15T23:21:59.922 WARN  service - Child process 'sing-box (25032)' finished with code 1.
2026-09-15T23:22:05.480 DEBUG console - Starting WinSW in service mode.
2026-09-15T23:22:05.527 INFO  service - Starting C:\Portable Softwares\sing-box-wincmd\service\core\sing-box.exe
2026-09-15T23:22:05.576 INFO  service - Started process sing-box (13232).
2026-09-15T23:22:05.598 INFO  service - Service started successfully.
2026-09-15T23:22:15.224 WARN  service - Child process 'sing-box (13232)' finished with code 1.
2026-09-15T23:22:30.431 DEBUG console - Starting WinSW in service mode.
2026-09-15T23:22:30.479 INFO  service - Starting C:\Portable Softwares\sing-box-wincmd\service\core\sing-box.exe
2026-09-15T23:22:30.528 INFO  service - Started process sing-box (1848).
2026-09-15T23:22:30.552 INFO  service - Service started successfully.
2026-09-15T23:22:40.181 WARN  service - Child process 'sing-box (1848)' finished with code 1.
2026-09-15T23:22:45.720 DEBUG console - Starting WinSW in service mode.
2026-09-15T23:22:45.770 INFO  service - Starting C:\Portable Softwares\sing-box-wincmd\service\core\sing-box.exe
2026-09-15T23:22:45.818 INFO  service - Started process sing-box (9192).
2026-09-15T23:22:45.841 INFO  service - Service started successfully.
2026-09-15T23:22:55.469 WARN  service - Child process 'sing-box (9192)' finished with code 1.
2026-09-15T23:23:10.689 DEBUG console - Starting WinSW in service mode.
2026-09-15T23:23:10.738 INFO  service - Starting C:\Portable Softwares\sing-box-wincmd\service\core\sing-box.exe
2026-09-15T23:23:10.787 INFO  service - Started process sing-box (13952).
2026-09-15T23:23:10.810 INFO  service - Service started successfully.
2026-09-15T23:23:20.431 WARN  service - Child process 'sing-box (13952)' finished with code 1.
2026-09-15T23:23:25.960 DEBUG console - Starting WinSW in service mode.
2026-09-15T23:23:26.008 INFO  service - Starting C:\Portable Softwares\sing-box-wincmd\service\core\sing-box.exe
2026-09-15T23:23:26.057 INFO  service - Started process sing-box (19672).
2026-09-15T23:23:26.079 INFO  service - Service started successfully.
2026-09-15T23:23:35.702 WARN  service - Child process 'sing-box (19672)' finished with code 1.
2026-09-15T23:23:50.907 DEBUG console - Starting WinSW in service mode.
2026-09-15T23:23:50.956 INFO  service - Starting C:\Portable Softwares\sing-box-wincmd\service\core\sing-box.exe
2026-09-15T23:23:51.006 INFO  service - Started process sing-box (4964).
2026-09-15T23:23:51.030 INFO  service - Service started successfully.
2026-09-15T23:24:00.657 WARN  service - Child process 'sing-box (4964)' finished with code 1.
2026-09-15T23:24:06.208 DEBUG console - Starting WinSW in service mode.
2026-09-15T23:24:06.257 INFO  service - Starting C:\Portable Softwares\sing-box-wincmd\service\core\sing-box.exe
2026-09-15T23:24:06.303 INFO  service - Started process sing-box (13748).
2026-09-15T23:24:06.328 INFO  service - Service started successfully.
2026-09-15T23:24:15.951 WARN  service - Child process 'sing-box (13748)' finished with code 1.
2026-09-15T23:24:31.165 DEBUG console - Starting WinSW in service mode.
2026-09-15T23:24:31.214 INFO  service - Starting C:\Portable Softwares\sing-box-wincmd\service\core\sing-box.exe
2026-09-15T23:24:31.263 INFO  service - Started process sing-box (10576).
2026-09-15T23:24:31.286 INFO  service - Service started successfully.
2026-09-15T23:24:40.912 WARN  service - Child process 'sing-box (10576)' finished with code 1.
2026-09-15T23:24:46.453 DEBUG console - Starting WinSW in service mode.
2026-09-15T23:24:46.499 INFO  service - Starting C:\Portable Softwares\sing-box-wincmd\service\core\sing-box.exe
2026-09-15T23:24:46.548 INFO  service - Started process sing-box (17632).
2026-09-15T23:24:46.571 INFO  service - Service started successfully.
2026-09-15T23:24:56.194 WARN  service - Child process 'sing-box (17632)' finished with code 1.
2026-09-15T23:25:11.397 DEBUG console - Starting WinSW in service mode.
2026-09-15T23:25:11.449 INFO  service - Starting C:\Portable Softwares\sing-box-wincmd\service\core\sing-box.exe
2026-09-15T23:25:11.496 INFO  service - Started process sing-box (10824).
2026-09-15T23:25:11.520 INFO  service - Service started successfully.
2026-09-15T23:25:21.143 WARN  service - Child process 'sing-box (10824)' finished with code 1.
2026-09-15T23:25:26.701 DEBUG console - Starting WinSW in service mode.
2026-09-15T23:25:26.749 INFO  service - Starting C:\Portable Softwares\sing-box-wincmd\service\core\sing-box.exe
2026-09-15T23:25:26.800 INFO  service - Started process sing-box (13408).
2026-09-15T23:25:26.823 INFO  service - Service started successfully.
2026-09-15T23:25:36.448 WARN  service - Child process 'sing-box (13408)' finished with code 1.
2026-09-15T23:25:51.647 DEBUG console - Starting WinSW in service mode.
2026-09-15T23:25:51.695 INFO  service - Starting C:\Portable Softwares\sing-box-wincmd\service\core\sing-box.exe
2026-09-15T23:25:51.746 INFO  service - Started process sing-box (21860).
2026-09-15T23:25:51.770 INFO  service - Service started successfully.
2026-09-15T23:26:01.398 WARN  service - Child process 'sing-box (21860)' finished with code 1.
2026-09-15T23:26:06.956 DEBUG console - Starting WinSW in service mode.
2026-09-15T23:26:07.003 INFO  service - Starting C:\Portable Softwares\sing-box-wincmd\service\core\sing-box.exe
2026-09-15T23:26:07.052 INFO  service - Started process sing-box (8660).
2026-09-15T23:26:07.076 INFO  service - Service started successfully.
2026-09-15T23:26:16.698 WARN  service - Child process 'sing-box (8660)' finished with code 1.
2026-09-15T23:26:31.893 DEBUG console - Starting WinSW in service mode.
2026-09-15T23:26:31.941 INFO  service - Starting C:\Portable Softwares\sing-box-wincmd\service\core\sing-box.exe
2026-09-15T23:26:31.998 INFO  service - Started process sing-box (27156).
2026-09-15T23:26:32.023 INFO  service - Service started successfully.
2026-09-15T23:26:41.650 WARN  service - Child process 'sing-box (27156)' finished with code 1.
2026-09-15T23:26:47.200 DEBUG console - Starting WinSW in service mode.
2026-09-15T23:26:47.250 INFO  service - Starting C:\Portable Softwares\sing-box-wincmd\service\core\sing-box.exe
2026-09-15T23:26:47.299 INFO  service - Started process sing-box (14276).
2026-09-15T23:26:47.323 INFO  service - Service started successfully.
2026-09-15T23:26:56.952 WARN  service - Child process 'sing-box (14276)' finished with code 1.
2026-09-15T23:27:12.135 DEBUG console - Starting WinSW in service mode.
2026-09-15T23:27:12.183 INFO  service - Starting C:\Portable Softwares\sing-box-wincmd\service\core\sing-box.exe
2026-09-15T23:27:12.235 INFO  service - Started process sing-box (18912).
2026-09-15T23:27:12.258 INFO  service - Service started successfully.
2026-09-15T23:27:21.883 WARN  service - Child process 'sing-box (18912)' finished with code 1.
2026-09-15T23:27:27.440 DEBUG console - Starting WinSW in service mode.
2026-09-15T23:27:27.488 INFO  service - Starting C:\Portable Softwares\sing-box-wincmd\service\core\sing-box.exe
2026-09-15T23:27:27.538 INFO  service - Started process sing-box (4876).
2026-09-15T23:27:27.561 INFO  service - Service started successfully.
2026-09-15T23:27:37.186 WARN  service - Child process 'sing-box (4876)' finished with code 1.
2026-09-15T23:27:52.397 DEBUG console - Starting WinSW in service mode.
2026-09-15T23:27:52.446 INFO  service - Starting C:\Portable Softwares\sing-box-wincmd\service\core\sing-box.exe
2026-09-15T23:27:52.495 INFO  service - Started process sing-box (8652).
2026-09-15T23:27:52.519 INFO  service - Service started successfully.
2026-09-15T23:28:02.140 WARN  service - Child process 'sing-box (8652)' finished with code 1.
2026-09-15T23:28:07.695 DEBUG console - Starting WinSW in service mode.
2026-09-15T23:28:07.745 INFO  service - Starting C:\Portable Softwares\sing-box-wincmd\service\core\sing-box.exe
2026-09-15T23:28:07.797 INFO  service - Started process sing-box (23216).
2026-09-15T23:28:07.820 INFO  service - Service started successfully.
2026-09-15T23:28:17.444 WARN  service - Child process 'sing-box (23216)' finished with code 1.
2026-09-15T23:28:32.651 DEBUG console - Starting WinSW in service mode.
2026-09-15T23:28:32.700 INFO  service - Starting C:\Portable Softwares\sing-box-wincmd\service\core\sing-box.exe
2026-09-15T23:28:32.754 INFO  service - Started process sing-box (21184).
2026-09-15T23:28:32.778 INFO  service - Service started successfully.
2026-09-15T23:28:42.397 WARN  service - Child process 'sing-box (21184)' finished with code 1.
2026-09-15T23:28:47.946 DEBUG console - Starting WinSW in service mode.
2026-09-15T23:28:47.994 INFO  service - Starting C:\Portable Softwares\sing-box-wincmd\service\core\sing-box.exe
2026-09-15T23:28:48.045 INFO  service - Started process sing-box (22684).
2026-09-15T23:28:48.068 INFO  service - Service started successfully.
2026-09-15T23:28:57.695 WARN  service - Child process 'sing-box (22684)' finished with code 1.
2026-09-15T23:29:12.901 DEBUG console - Starting WinSW in service mode.
2026-09-15T23:29:12.948 INFO  service - Starting C:\Portable Softwares\sing-box-wincmd\service\core\sing-box.exe
2026-09-15T23:29:12.998 INFO  service - Started process sing-box (19832).
2026-09-15T23:29:13.020 INFO  service - Service started successfully.
2026-09-15T23:29:22.649 WARN  service - Child process 'sing-box (19832)' finished with code 1.
2026-09-15T23:29:28.180 DEBUG console - Starting WinSW in service mode.
2026-09-15T23:29:28.229 INFO  service - Starting C:\Portable Softwares\sing-box-wincmd\service\core\sing-box.exe
2026-09-15T23:29:28.280 INFO  service - Started process sing-box (25380).
2026-09-15T23:29:28.303 INFO  service - Service started successfully.
2026-09-15T23:29:37.929 WARN  service - Child process 'sing-box (25380)' finished with code 1.
2026-09-15T23:29:53.149 DEBUG console - Starting WinSW in service mode.
2026-09-15T23:29:53.200 INFO  service - Starting C:\Portable Softwares\sing-box-wincmd\service\core\sing-box.exe
2026-09-15T23:29:53.249 INFO  service - Started process sing-box (9308).
2026-09-15T23:29:53.274 INFO  service - Service started successfully.
2026-09-15T23:30:02.898 WARN  service - Child process 'sing-box (9308)' finished with code 1.
2026-09-15T23:30:08.431 DEBUG console - Starting WinSW in service mode.
2026-09-15T23:30:08.479 INFO  service - Starting C:\Portable Softwares\sing-box-wincmd\service\core\sing-box.exe
2026-09-15T23:30:08.531 INFO  service - Started process sing-box (13216).
2026-09-15T23:30:08.554 INFO  service - Service started successfully.
2026-09-15T23:30:18.178 WARN  service - Child process 'sing-box (13216)' finished with code 1.
2026-09-15T23:30:33.397 DEBUG console - Starting WinSW in service mode.
2026-09-15T23:30:33.446 INFO  service - Starting C:\Portable Softwares\sing-box-wincmd\service\core\sing-box.exe
2026-09-15T23:30:33.498 INFO  service - Started process sing-box (12372).
2026-09-15T23:30:33.521 INFO  service - Service started successfully.
2026-09-15T23:30:43.144 WARN  service - Child process 'sing-box (12372)' finished with code 1.
2026-09-15T23:30:48.685 DEBUG console - Starting WinSW in service mode.
2026-09-15T23:30:48.734 INFO  service - Starting C:\Portable Softwares\sing-box-wincmd\service\core\sing-box.exe
2026-09-15T23:30:48.787 INFO  service - Started process sing-box (9352).
2026-09-15T23:30:48.811 INFO  service - Service started successfully.
2026-09-15T23:30:58.434 WARN  service - Child process 'sing-box (9352)' finished with code 1.
2026-09-15T23:31:13.625 DEBUG console - Starting WinSW in service mode.
2026-09-15T23:31:13.674 INFO  service - Starting C:\Portable Softwares\sing-box-wincmd\service\core\sing-box.exe
2026-09-15T23:31:13.724 INFO  service - Started process sing-box (16212).
2026-09-15T23:31:13.746 INFO  service - Service started successfully.
2026-09-15T23:31:23.371 WARN  service - Child process 'sing-box (16212)' finished with code 1.
2026-09-15T23:31:28.912 DEBUG console - Starting WinSW in service mode.
2026-09-15T23:31:28.961 INFO  service - Starting C:\Portable Softwares\sing-box-wincmd\service\core\sing-box.exe
2026-09-15T23:31:29.013 INFO  service - Started process sing-box (10820).
2026-09-15T23:31:29.036 INFO  service - Service started successfully.
2026-09-15T23:31:38.663 WARN  service - Child process 'sing-box (10820)' finished with code 1.
2026-09-15T23:31:53.870 DEBUG console - Starting WinSW in service mode.
2026-09-15T23:31:53.921 INFO  service - Starting C:\Portable Softwares\sing-box-wincmd\service\core\sing-box.exe
2026-09-15T23:31:53.975 INFO  service - Started process sing-box (13376).
2026-09-15T23:31:53.999 INFO  service - Service started successfully.
2026-09-15T23:32:03.630 WARN  service - Child process 'sing-box (13376)' finished with code 1.
2026-09-15T23:32:09.144 DEBUG console - Starting WinSW in service mode.
2026-09-15T23:32:09.192 INFO  service - Starting C:\Portable Softwares\sing-box-wincmd\service\core\sing-box.exe
2026-09-15T23:32:09.244 INFO  service - Started process sing-box (7076).
2026-09-15T23:32:09.267 INFO  service - Service started successfully.
2026-09-15T23:32:18.894 WARN  service - Child process 'sing-box (7076)' finished with code 1.
2026-09-15T23:32:34.114 DEBUG console - Starting WinSW in service mode.
2026-09-15T23:32:34.164 INFO  service - Starting C:\Portable Softwares\sing-box-wincmd\service\core\sing-box.exe
2026-09-15T23:32:34.215 INFO  service - Started process sing-box (18068).
2026-09-15T23:32:34.239 INFO  service - Service started successfully.
2026-09-15T23:32:43.867 WARN  service - Child process 'sing-box (18068)' finished with code 1.
2026-09-15T23:32:49.370 DEBUG console - Starting WinSW in service mode.
2026-09-15T23:32:49.419 INFO  service - Starting C:\Portable Softwares\sing-box-wincmd\service\core\sing-box.exe
2026-09-15T23:32:49.470 INFO  service - Started process sing-box (13368).
2026-09-15T23:32:49.493 INFO  service - Service started successfully.
2026-09-15T23:32:59.119 WARN  service - Child process 'sing-box (13368)' finished with code 1.
2026-09-15T23:33:14.355 DEBUG console - Starting WinSW in service mode.
2026-09-15T23:33:14.403 INFO  service - Starting C:\Portable Softwares\sing-box-wincmd\service\core\sing-box.exe
2026-09-15T23:33:14.454 INFO  service - Started process sing-box (18912).
2026-09-15T23:33:14.478 INFO  service - Service started successfully.
2026-09-15T23:33:24.103 WARN  service - Child process 'sing-box (18912)' finished with code 1.
2026-09-15T23:33:29.604 DEBUG console - Starting WinSW in service mode.
2026-09-15T23:33:29.653 INFO  service - Starting C:\Portable Softwares\sing-box-wincmd\service\core\sing-box.exe
2026-09-15T23:33:29.702 INFO  service - Started process sing-box (21860).
2026-09-15T23:33:29.726 INFO  service - Service started successfully.
2026-09-15T23:33:39.362 WARN  service - Child process 'sing-box (21860)' finished with code 1.
2026-09-15T23:33:54.582 DEBUG console - Starting WinSW in service mode.
2026-09-15T23:33:54.631 INFO  service - Starting C:\Portable Softwares\sing-box-wincmd\service\core\sing-box.exe
2026-09-15T23:33:54.683 INFO  service - Started process sing-box (16308).
2026-09-15T23:33:54.708 INFO  service - Service started successfully.
2026-09-15T23:34:04.333 WARN  service - Child process 'sing-box (16308)' finished with code 1.
2026-09-15T23:34:09.851 DEBUG console - Starting WinSW in service mode.
2026-09-15T23:34:09.900 INFO  service - Starting C:\Portable Softwares\sing-box-wincmd\service\core\sing-box.exe
2026-09-15T23:34:09.951 INFO  service - Started process sing-box (17968).
2026-09-15T23:34:09.974 INFO  service - Service started successfully.
2026-09-15T23:34:19.598 WARN  service - Child process 'sing-box (17968)' finished with code 1.
2026-09-15T23:34:34.812 DEBUG console - Starting WinSW in service mode.
2026-09-15T23:34:34.860 INFO  service - Starting C:\Portable Softwares\sing-box-wincmd\service\core\sing-box.exe
2026-09-15T23:34:34.912 INFO  service - Started process sing-box (12196).
2026-09-15T23:34:34.936 INFO  service - Service started successfully.
2026-09-15T23:34:44.563 WARN  service - Child process 'sing-box (12196)' finished with code 1.
2026-09-15T23:34:50.075 DEBUG console - Starting WinSW in service mode.
2026-09-15T23:34:50.124 INFO  service - Starting C:\Portable Softwares\sing-box-wincmd\service\core\sing-box.exe
2026-09-15T23:34:50.176 INFO  service - Started process sing-box (480).
2026-09-15T23:34:50.200 INFO  service - Service started successfully.
2026-09-15T23:34:59.821 WARN  service - Child process 'sing-box (480)' finished with code 1.
2026-09-15T23:35:15.059 DEBUG console - Starting WinSW in service mode.
2026-09-15T23:35:15.107 INFO  service - Starting C:\Portable Softwares\sing-box-wincmd\service\core\sing-box.exe
2026-09-15T23:35:15.155 INFO  service - Started process sing-box (12700).
2026-09-15T23:35:15.178 INFO  service - Service started successfully.
2026-09-15T23:35:24.806 WARN  service - Child process 'sing-box (12700)' finished with code 1.
2026-09-15T23:35:30.320 DEBUG console - Starting WinSW in service mode.
2026-09-15T23:35:30.366 INFO  service - Starting C:\Portable Softwares\sing-box-wincmd\service\core\sing-box.exe
2026-09-15T23:35:30.416 INFO  service - Started process sing-box (19332).
2026-09-15T23:35:30.439 INFO  service - Service started successfully.
2026-09-15T23:35:40.075 WARN  service - Child process 'sing-box (19332)' finished with code 1.
2026-09-15T23:35:55.292 DEBUG console - Starting WinSW in service mode.
2026-09-15T23:35:55.343 INFO  service - Starting C:\Portable Softwares\sing-box-wincmd\service\core\sing-box.exe
2026-09-15T23:35:55.395 INFO  service - Started process sing-box (25404).
2026-09-15T23:35:55.418 INFO  service - Service started successfully.
2026-09-15T23:36:05.041 WARN  service - Child process 'sing-box (25404)' finished with code 1.
2026-09-15T23:36:10.571 DEBUG console - Starting WinSW in service mode.
2026-09-15T23:36:10.619 INFO  service - Starting C:\Portable Softwares\sing-box-wincmd\service\core\sing-box.exe
2026-09-15T23:36:10.671 INFO  service - Started process sing-box (13472).
2026-09-15T23:36:10.695 INFO  service - Service started successfully.
2026-09-15T23:36:20.315 WARN  service - Child process 'sing-box (13472)' finished with code 1.
2026-09-15T23:36:35.514 DEBUG console - Starting WinSW in service mode.
2026-09-15T23:36:35.563 INFO  service - Starting C:\Portable Softwares\sing-box-wincmd\service\core\sing-box.exe
2026-09-15T23:36:35.614 INFO  service - Started process sing-box (24508).
2026-09-15T23:36:35.637 INFO  service - Service started successfully.
2026-09-15T23:36:45.264 WARN  service - Child process 'sing-box (24508)' finished with code 1.
2026-09-15T23:36:50.797 DEBUG console - Starting WinSW in service mode.
2026-09-15T23:36:50.845 INFO  service - Starting C:\Portable Softwares\sing-box-wincmd\service\core\sing-box.exe
2026-09-15T23:36:50.898 INFO  service - Started process sing-box (6980).
2026-09-15T23:36:50.921 INFO  service - Service started successfully.
2026-09-15T23:37:00.544 WARN  service - Child process 'sing-box (6980)' finished with code 1.
2026-09-15T23:37:15.755 DEBUG console - Starting WinSW in service mode.
2026-09-15T23:37:15.805 INFO  service - Starting C:\Portable Softwares\sing-box-wincmd\service\core\sing-box.exe
2026-09-15T23:37:15.854 INFO  service - Started process sing-box (21364).
2026-09-15T23:37:15.878 INFO  service - Service started successfully.
2026-09-15T23:37:25.496 WARN  service - Child process 'sing-box (21364)' finished with code 1.
2026-09-15T23:37:31.037 DEBUG console - Starting WinSW in service mode.
2026-09-15T23:37:31.086 INFO  service - Starting C:\Portable Softwares\sing-box-wincmd\service\core\sing-box.exe
2026-09-15T23:37:31.137 INFO  service - Started process sing-box (5660).
2026-09-15T23:37:31.161 INFO  service - Service started successfully.
2026-09-15T23:37:40.783 WARN  service - Child process 'sing-box (5660)' finished with code 1.
2026-09-15T23:37:55.985 DEBUG console - Starting WinSW in service mode.
2026-09-15T23:37:56.034 INFO  service - Starting C:\Portable Softwares\sing-box-wincmd\service\core\sing-box.exe
2026-09-15T23:37:56.084 INFO  service - Started process sing-box (5564).
2026-09-15T23:37:56.107 INFO  service - Service started successfully.
2026-09-15T23:38:05.735 WARN  service - Child process 'sing-box (5564)' finished with code 1.
2026-09-15T23:38:11.271 DEBUG console - Starting WinSW in service mode.
2026-09-15T23:38:11.320 INFO  service - Starting C:\Portable Softwares\sing-box-wincmd\service\core\sing-box.exe
2026-09-15T23:38:11.372 INFO  service - Started process sing-box (26608).
2026-09-15T23:38:11.396 INFO  service - Service started successfully.
2026-09-15T23:38:21.018 WARN  service - Child process 'sing-box (26608)' finished with code 1.
2026-09-15T23:38:36.224 DEBUG console - Starting WinSW in service mode.
2026-09-15T23:38:36.273 INFO  service - Starting C:\Portable Softwares\sing-box-wincmd\service\core\sing-box.exe
2026-09-15T23:38:36.320 INFO  service - Started process sing-box (14088).
2026-09-15T23:38:36.343 INFO  service - Service started successfully.
2026-09-15T23:38:45.967 WARN  service - Child process 'sing-box (14088)' finished with code 1.
2026-09-15T23:38:51.511 DEBUG console - Starting WinSW in service mode.
2026-09-15T23:38:51.560 INFO  service - Starting C:\Portable Softwares\sing-box-wincmd\service\core\sing-box.exe
2026-09-15T23:38:51.610 INFO  service - Started process sing-box (24804).
2026-09-15T23:38:51.636 INFO  service - Service started successfully.
2026-09-15T23:39:01.267 WARN  service - Child process 'sing-box (24804)' finished with code 1.
2026-09-15T23:39:16.462 DEBUG console - Starting WinSW in service mode.
2026-09-15T23:39:16.511 INFO  service - Starting C:\Portable Softwares\sing-box-wincmd\service\core\sing-box.exe
2026-09-15T23:39:16.561 INFO  service - Started process sing-box (18212).
2026-09-15T23:39:16.585 INFO  service - Service started successfully.
2026-09-15T23:39:26.210 WARN  service - Child process 'sing-box (18212)' finished with code 1.
2026-09-15T23:39:31.744 DEBUG console - Starting WinSW in service mode.
2026-09-15T23:39:31.793 INFO  service - Starting C:\Portable Softwares\sing-box-wincmd\service\core\sing-box.exe
2026-09-15T23:39:31.843 INFO  service - Started process sing-box (15636).
2026-09-15T23:39:31.868 INFO  service - Service started successfully.
2026-09-15T23:39:41.488 WARN  service - Child process 'sing-box (15636)' finished with code 1.
2026-09-15T23:39:56.698 DEBUG console - Starting WinSW in service mode.
2026-09-15T23:39:56.748 INFO  service - Starting C:\Portable Softwares\sing-box-wincmd\service\core\sing-box.exe
2026-09-15T23:39:56.798 INFO  service - Started process sing-box (18772).
2026-09-15T23:39:56.822 INFO  service - Service started successfully.
2026-09-15T23:40:06.455 WARN  service - Child process 'sing-box (18772)' finished with code 1.
2026-09-15T23:40:11.976 DEBUG console - Starting WinSW in service mode.
2026-09-15T23:40:12.029 INFO  service - Starting C:\Portable Softwares\sing-box-wincmd\service\core\sing-box.exe
2026-09-15T23:40:12.079 INFO  service - Started process sing-box (22304).
2026-09-15T23:40:12.102 INFO  service - Service started successfully.
2026-09-15T23:40:21.732 WARN  service - Child process 'sing-box (22304)' finished with code 1.
2026-09-15T23:40:36.945 DEBUG console - Starting WinSW in service mode.
2026-09-15T23:40:36.994 INFO  service - Starting C:\Portable Softwares\sing-box-wincmd\service\core\sing-box.exe
2026-09-15T23:40:37.044 INFO  service - Started process sing-box (14632).
2026-09-15T23:40:37.070 INFO  service - Service started successfully.
2026-09-15T23:40:46.694 WARN  service - Child process 'sing-box (14632)' finished with code 1.
2026-09-15T23:40:52.218 DEBUG console - Starting WinSW in service mode.
2026-09-15T23:40:52.268 INFO  service - Starting C:\Portable Softwares\sing-box-wincmd\service\core\sing-box.exe
2026-09-15T23:40:52.322 INFO  service - Started process sing-box (13300).
2026-09-15T23:40:52.346 INFO  service - Service started successfully.
2026-09-15T23:41:01.971 WARN  service - Child process 'sing-box (13300)' finished with code 1.
2026-09-15T23:41:17.182 DEBUG console - Starting WinSW in service mode.
2026-09-15T23:41:17.230 INFO  service - Starting C:\Portable Softwares\sing-box-wincmd\service\core\sing-box.exe
2026-09-15T23:41:17.282 INFO  service - Started process sing-box (7008).
2026-09-15T23:41:17.305 INFO  service - Service started successfully.
2026-09-15T23:41:26.929 WARN  service - Child process 'sing-box (7008)' finished with code 1.
2026-09-15T23:41:32.464 DEBUG console - Starting WinSW in service mode.
2026-09-15T23:41:32.515 INFO  service - Starting C:\Portable Softwares\sing-box-wincmd\service\core\sing-box.exe
2026-09-15T23:41:32.561 INFO  service - Started process sing-box (6528).
2026-09-15T23:41:32.584 INFO  service - Service started successfully.
2026-09-15T23:41:42.207 WARN  service - Child process 'sing-box (6528)' finished with code 1.
2026-09-15T23:41:57.424 DEBUG console - Starting WinSW in service mode.
2026-09-15T23:41:57.475 INFO  service - Starting C:\Portable Softwares\sing-box-wincmd\service\core\sing-box.exe
2026-09-15T23:41:57.523 INFO  service - Started process sing-box (404).
2026-09-15T23:41:57.546 INFO  service - Service started successfully.
2026-09-15T23:42:07.168 WARN  service - Child process 'sing-box (404)' finished with code 1.
2026-09-15T23:42:12.690 DEBUG console - Starting WinSW in service mode.
2026-09-15T23:42:12.739 INFO  service - Starting C:\Portable Softwares\sing-box-wincmd\service\core\sing-box.exe
2026-09-15T23:42:12.785 INFO  service - Started process sing-box (4144).
2026-09-15T23:42:12.809 INFO  service - Service started successfully.
2026-09-15T23:42:22.435 WARN  service - Child process 'sing-box (4144)' finished with code 1.
2026-09-15T23:42:37.679 DEBUG console - Starting WinSW in service mode.
2026-09-15T23:42:37.729 INFO  service - Starting C:\Portable Softwares\sing-box-wincmd\service\core\sing-box.exe
2026-09-15T23:42:37.779 INFO  service - Started process sing-box (25612).
2026-09-15T23:42:37.803 INFO  service - Service started successfully.
2026-09-15T23:42:47.428 WARN  service - Child process 'sing-box (25612)' finished with code 1.
2026-09-15T23:42:52.930 DEBUG console - Starting WinSW in service mode.
2026-09-15T23:42:52.981 INFO  service - Starting C:\Portable Softwares\sing-box-wincmd\service\core\sing-box.exe
2026-09-15T23:42:53.037 INFO  service - Started process sing-box (23224).
2026-09-15T23:42:53.063 INFO  service - Service started successfully.
2026-09-15T23:43:02.693 WARN  service - Child process 'sing-box (23224)' finished with code 1.
2026-09-15T23:43:17.912 DEBUG console - Starting WinSW in service mode.
2026-09-15T23:43:17.962 INFO  service - Starting C:\Portable Softwares\sing-box-wincmd\service\core\sing-box.exe
2026-09-15T23:43:18.011 INFO  service - Started process sing-box (10820).
2026-09-15T23:43:18.035 INFO  service - Service started successfully.
2026-09-15T23:43:27.672 WARN  service - Child process 'sing-box (10820)' finished with code 1.
2026-09-15T23:43:33.186 DEBUG console - Starting WinSW in service mode.
2026-09-15T23:43:33.234 INFO  service - Starting C:\Portable Softwares\sing-box-wincmd\service\core\sing-box.exe
2026-09-15T23:43:33.280 INFO  service - Started process sing-box (24404).
2026-09-15T23:43:33.304 INFO  service - Service started successfully.
2026-09-15T23:43:42.927 WARN  service - Child process 'sing-box (24404)' finished with code 1.
2026-09-15T23:43:58.156 DEBUG console - Starting WinSW in service mode.
2026-09-15T23:43:58.204 INFO  service - Starting C:\Portable Softwares\sing-box-wincmd\service\core\sing-box.exe
2026-09-15T23:43:58.252 INFO  service - Started process sing-box (12376).
2026-09-15T23:43:58.275 INFO  service - Service started successfully.
2026-09-15T23:44:07.906 WARN  service - Child process 'sing-box (12376)' finished with code 1.
2026-09-15T23:44:13.415 DEBUG console - Starting WinSW in service mode.
2026-09-15T23:44:13.464 INFO  service - Starting C:\Portable Softwares\sing-box-wincmd\service\core\sing-box.exe
2026-09-15T23:44:13.514 INFO  service - Started process sing-box (13580).
2026-09-15T23:44:13.537 INFO  service - Service started successfully.
2026-09-15T23:44:23.161 WARN  service - Child process 'sing-box (13580)' finished with code 1.
2026-09-15T23:44:38.410 DEBUG console - Starting WinSW in service mode.
2026-09-15T23:44:38.461 INFO  service - Starting C:\Portable Softwares\sing-box-wincmd\service\core\sing-box.exe
2026-09-15T23:44:38.510 INFO  service - Started process sing-box (27384).
2026-09-15T23:44:38.535 INFO  service - Service started successfully.
2026-09-15T23:44:48.163 WARN  service - Child process 'sing-box (27384)' finished with code 1.
2026-09-15T23:44:53.654 DEBUG console - Starting WinSW in service mode.
2026-09-15T23:44:53.703 INFO  service - Starting C:\Portable Softwares\sing-box-wincmd\service\core\sing-box.exe
2026-09-15T23:44:53.750 INFO  service - Started process sing-box (21420).
2026-09-15T23:44:53.774 INFO  service - Service started successfully.
2026-09-15T23:45:03.398 WARN  service - Child process 'sing-box (21420)' finished with code 1.
2026-09-15T23:45:18.662 DEBUG console - Starting WinSW in service mode.
2026-09-15T23:45:18.713 INFO  service - Starting C:\Portable Softwares\sing-box-wincmd\service\core\sing-box.exe
2026-09-15T23:45:18.767 INFO  service - Started process sing-box (21416).
2026-09-15T23:45:18.791 INFO  service - Service started successfully.
2026-09-15T23:45:28.417 WARN  service - Child process 'sing-box (21416)' finished with code 1.
2026-09-15T23:45:34.042 DEBUG console - Starting WinSW in service mode.
2026-09-15T23:45:34.123 INFO  service - Starting C:\Portable Softwares\sing-box-wincmd\service\core\sing-box.exe
2026-09-15T23:45:34.192 INFO  service - Started process sing-box (23108).
2026-09-15T23:45:34.246 INFO  service - Service started successfully.
2026-09-15T23:45:43.889 WARN  service - Child process 'sing-box (23108)' finished with code 1.
2026-09-15T23:45:58.924 DEBUG console - Starting WinSW in service mode.
2026-09-15T23:45:58.975 INFO  service - Starting C:\Portable Softwares\sing-box-wincmd\service\core\sing-box.exe
2026-09-15T23:45:59.027 INFO  service - Started process sing-box (19080).
2026-09-15T23:45:59.054 INFO  service - Service started successfully.
2026-09-15T23:46:08.676 WARN  service - Child process 'sing-box (19080)' finished with code 1.
2026-09-15T23:46:14.600 DEBUG console - Starting WinSW in service mode.
2026-09-15T23:46:14.668 INFO  service - Starting C:\Portable Softwares\sing-box-wincmd\service\core\sing-box.exe
2026-09-15T23:46:14.748 INFO  service - Started process sing-box (3008).
2026-09-15T23:46:14.786 INFO  service - Service started successfully.
2026-09-15T23:46:24.434 WARN  service - Child process 'sing-box (3008)' finished with code 1.
2026-09-15T23:46:39.204 DEBUG console - Starting WinSW in service mode.
2026-09-15T23:46:39.261 INFO  service - Starting C:\Portable Softwares\sing-box-wincmd\service\core\sing-box.exe
2026-09-15T23:46:39.317 INFO  service - Started process sing-box (2104).
2026-09-15T23:46:39.344 INFO  service - Service started successfully.
2026-09-15T23:46:48.991 WARN  service - Child process 'sing-box (2104)' finished with code 1.
2026-09-15T23:46:54.975 DEBUG console - Starting WinSW in service mode.
2026-09-15T23:46:55.027 INFO  service - Starting C:\Portable Softwares\sing-box-wincmd\service\core\sing-box.exe
2026-09-15T23:46:55.077 INFO  service - Started process sing-box (25792).
2026-09-15T23:46:55.101 INFO  service - Service started successfully.
2026-09-15T23:47:04.739 WARN  service - Child process 'sing-box (25792)' finished with code 1.
2026-09-15T23:47:19.614 DEBUG console - Starting WinSW in service mode.
2026-09-15T23:47:19.667 INFO  service - Starting C:\Portable Softwares\sing-box-wincmd\service\core\sing-box.exe
2026-09-15T23:47:19.722 INFO  service - Started process sing-box (27684).
2026-09-15T23:47:19.747 INFO  service - Service started successfully.
2026-09-15T23:47:29.544 WARN  service - Child process 'sing-box (27684)' finished with code 1.
2026-09-15T23:47:35.256 DEBUG console - Starting WinSW in service mode.
2026-09-15T23:47:35.308 INFO  service - Starting C:\Portable Softwares\sing-box-wincmd\service\core\sing-box.exe
2026-09-15T23:47:35.360 INFO  service - Started process sing-box (26360).
2026-09-15T23:47:35.386 INFO  service - Service started successfully.
2026-09-15T23:47:45.011 WARN  service - Child process 'sing-box (26360)' finished with code 1.
2026-09-15T23:48:00.241 DEBUG console - Starting WinSW in service mode.
2026-09-15T23:48:00.306 INFO  service - Starting C:\Portable Softwares\sing-box-wincmd\service\core\sing-box.exe
2026-09-15T23:48:00.372 INFO  service - Started process sing-box (3804).
2026-09-15T23:48:00.405 INFO  service - Service started successfully.
2026-09-15T23:48:10.057 WARN  service - Child process 'sing-box (3804)' finished with code 1.
2026-09-15T23:48:15.556 DEBUG console - Starting WinSW in service mode.
2026-09-15T23:48:15.625 INFO  service - Starting C:\Portable Softwares\sing-box-wincmd\service\core\sing-box.exe
2026-09-15T23:48:15.694 INFO  service - Started process sing-box (27996).
2026-09-15T23:48:15.729 INFO  service - Service started successfully.
2026-09-15T23:48:25.384 WARN  service - Child process 'sing-box (27996)' finished with code 1.
2026-09-15T23:48:40.677 DEBUG console - Starting WinSW in service mode.
2026-09-15T23:48:40.737 INFO  service - Starting C:\Portable Softwares\sing-box-wincmd\service\core\sing-box.exe
2026-09-15T23:48:40.794 INFO  service - Started process sing-box (3760).
2026-09-15T23:48:40.826 INFO  service - Service started successfully.
2026-09-15T23:48:50.479 WARN  service - Child process 'sing-box (3760)' finished with code 1.
2026-09-15T23:48:56.036 DEBUG console - Starting WinSW in service mode.
2026-09-15T23:48:56.119 INFO  service - Starting C:\Portable Softwares\sing-box-wincmd\service\core\sing-box.exe
2026-09-15T23:48:56.186 INFO  service - Started process sing-box (9788).
2026-09-15T23:48:56.221 INFO  service - Service started successfully.
2026-09-15T23:49:05.865 WARN  service - Child process 'sing-box (9788)' finished with code 1.
2026-09-15T23:49:22.310 DEBUG console - Starting WinSW in service mode.
2026-09-15T23:49:22.368 INFO  service - Starting C:\Portable Softwares\sing-box-wincmd\service\core\sing-box.exe
2026-09-15T23:49:22.419 INFO  service - Started process sing-box (13068).
2026-09-15T23:49:22.450 INFO  service - Service started successfully.
2026-09-15T23:49:35.098 WARN  service - Child process 'sing-box (13068)' finished with code 1.
2026-09-15T23:49:36.669 DEBUG console - Starting WinSW in service mode.
2026-09-15T23:49:36.744 INFO  service - Starting C:\Portable Softwares\sing-box-wincmd\service\core\sing-box.exe
2026-09-15T23:49:36.813 INFO  service - Started process sing-box (10852).
2026-09-15T23:49:36.849 INFO  service - Service started successfully.
2026-09-15T23:49:46.503 WARN  service - Child process 'sing-box (10852)' finished with code 1.
2026-09-15T23:50:05.719 DEBUG console - Starting WinSW in service mode.
2026-09-15T23:50:05.786 INFO  service - Starting C:\Portable Softwares\sing-box-wincmd\service\core\sing-box.exe
2026-09-15T23:50:05.848 INFO  service - Started process sing-box (3412).
2026-09-15T23:50:05.877 INFO  service - Service started successfully.
2026-09-15T23:50:15.534 WARN  service - Child process 'sing-box (3412)' finished with code 1.
2026-09-15T23:50:17.203 DEBUG console - Starting WinSW in service mode.
2026-09-15T23:50:17.273 INFO  service - Starting C:\Portable Softwares\sing-box-wincmd\service\core\sing-box.exe
2026-09-15T23:50:17.338 INFO  service - Started process sing-box (28340).
2026-09-15T23:50:17.371 INFO  service - Service started successfully.
2026-09-15T23:50:27.025 WARN  service - Child process 'sing-box (28340)' finished with code 1.
2026-09-15T23:50:46.248 DEBUG console - Starting WinSW in service mode.
2026-09-15T23:50:46.312 INFO  service - Starting C:\Portable Softwares\sing-box-wincmd\service\core\sing-box.exe
2026-09-15T23:50:46.380 INFO  service - Started process sing-box (19808).
2026-09-15T23:50:46.416 INFO  service - Service started successfully.
2026-09-15T23:50:56.132 WARN  service - Child process 'sing-box (19808)' finished with code 1.
2026-09-15T23:50:57.662 DEBUG console - Starting WinSW in service mode.
2026-09-15T23:50:57.724 INFO  service - Starting C:\Portable Softwares\sing-box-wincmd\service\core\sing-box.exe
2026-09-15T23:50:57.780 INFO  service - Started process sing-box (15172).
2026-09-15T23:50:57.812 INFO  service - Service started successfully.
2026-09-15T23:51:07.472 WARN  service - Child process 'sing-box (15172)' finished with code 1.
2026-09-15T23:51:26.674 DEBUG console - Starting WinSW in service mode.
2026-09-15T23:51:26.729 INFO  service - Starting C:\Portable Softwares\sing-box-wincmd\service\core\sing-box.exe
2026-09-15T23:51:26.780 INFO  service - Started process sing-box (10952).
2026-09-15T23:51:26.808 INFO  service - Service started successfully.
2026-09-15T23:51:36.448 WARN  service - Child process 'sing-box (10952)' finished with code 1.
2026-09-15T23:51:38.033 DEBUG console - Starting WinSW in service mode.
2026-09-15T23:51:38.099 INFO  service - Starting C:\Portable Softwares\sing-box-wincmd\service\core\sing-box.exe
2026-09-15T23:51:38.151 INFO  service - Started process sing-box (12080).
2026-09-15T23:51:38.179 INFO  service - Service started successfully.
2026-09-15T23:51:47.810 WARN  service - Child process 'sing-box (12080)' finished with code 1.
2026-09-15T23:52:07.105 DEBUG console - Starting WinSW in service mode.
2026-09-15T23:52:07.170 INFO  service - Starting C:\Portable Softwares\sing-box-wincmd\service\core\sing-box.exe
2026-09-15T23:52:07.234 INFO  service - Started process sing-box (17340).
2026-09-15T23:52:07.266 INFO  service - Service started successfully.
2026-09-15T23:52:16.941 WARN  service - Child process 'sing-box (17340)' finished with code 1.
2026-09-15T23:52:18.470 DEBUG console - Starting WinSW in service mode.
2026-09-15T23:52:18.536 INFO  service - Starting C:\Portable Softwares\sing-box-wincmd\service\core\sing-box.exe
2026-09-15T23:52:18.594 INFO  service - Started process sing-box (25488).
2026-09-15T23:52:18.626 INFO  service - Service started successfully.
2026-09-15T23:52:28.293 WARN  service - Child process 'sing-box (25488)' finished with code 1.
2026-09-15T23:52:47.601 DEBUG console - Starting WinSW in service mode.
2026-09-15T23:52:47.661 INFO  service - Starting C:\Portable Softwares\sing-box-wincmd\service\core\sing-box.exe
2026-09-15T23:52:47.741 INFO  service - Started process sing-box (18004).
2026-09-15T23:52:47.782 INFO  service - Service started successfully.
2026-09-15T23:52:57.450 WARN  service - Child process 'sing-box (18004)' finished with code 1.
2026-09-15T23:52:59.032 DEBUG console - Starting WinSW in service mode.
2026-09-15T23:52:59.090 INFO  service - Starting C:\Portable Softwares\sing-box-wincmd\service\core\sing-box.exe
2026-09-15T23:52:59.145 INFO  service - Started process sing-box (12320).
2026-09-15T23:52:59.179 INFO  service - Service started successfully.
2026-09-15T23:53:08.817 WARN  service - Child process 'sing-box (12320)' finished with code 1.
2026-09-15T23:53:28.067 DEBUG console - Starting WinSW in service mode.
2026-09-15T23:53:28.128 INFO  service - Starting C:\Portable Softwares\sing-box-wincmd\service\core\sing-box.exe
2026-09-15T23:53:28.196 INFO  service - Started process sing-box (27708).
2026-09-15T23:53:28.234 INFO  service - Service started successfully.
2026-09-15T23:53:37.876 WARN  service - Child process 'sing-box (27708)' finished with code 1.
2026-09-15T23:53:39.442 DEBUG console - Starting WinSW in service mode.
2026-09-15T23:53:39.500 INFO  service - Starting C:\Portable Softwares\sing-box-wincmd\service\core\sing-box.exe
2026-09-15T23:53:39.554 INFO  service - Started process sing-box (27800).
2026-09-15T23:53:39.580 INFO  service - Service started successfully.
2026-09-15T23:53:49.220 WARN  service - Child process 'sing-box (27800)' finished with code 1.
2026-09-15T23:54:08.540 DEBUG console - Starting WinSW in service mode.
2026-09-15T23:54:08.599 INFO  service - Starting C:\Portable Softwares\sing-box-wincmd\service\core\sing-box.exe
2026-09-15T23:54:08.654 INFO  service - Started process sing-box (27400).
2026-09-15T23:54:08.686 INFO  service - Service started successfully.
2026-09-15T23:54:18.330 WARN  service - Child process 'sing-box (27400)' finished with code 1.
2026-09-15T23:54:19.816 DEBUG console - Starting WinSW in service mode.
2026-09-15T23:54:19.884 INFO  service - Starting C:\Portable Softwares\sing-box-wincmd\service\core\sing-box.exe
2026-09-15T23:54:19.945 INFO  service - Started process sing-box (16596).
2026-09-15T23:54:19.973 INFO  service - Service started successfully.
2026-09-15T23:54:29.622 WARN  service - Child process 'sing-box (16596)' finished with code 1.
2026-09-15T23:54:48.966 DEBUG console - Starting WinSW in service mode.
2026-09-15T23:54:49.030 INFO  service - Starting C:\Portable Softwares\sing-box-wincmd\service\core\sing-box.exe
2026-09-15T23:54:49.095 INFO  service - Started process sing-box (19496).
2026-09-15T23:54:49.129 INFO  service - Service started successfully.
2026-09-15T23:54:58.770 WARN  service - Child process 'sing-box (19496)' finished with code 1.
2026-09-15T23:55:02.175 DEBUG console - Starting WinSW in service mode.
2026-09-15T23:55:02.236 INFO  service - Starting C:\Portable Softwares\sing-box-wincmd\service\core\sing-box.exe
2026-09-15T23:55:02.295 INFO  service - Started process sing-box (7716).
2026-09-15T23:55:02.326 INFO  service - Service started successfully.
2026-09-15T23:55:11.977 WARN  service - Child process 'sing-box (7716)' finished with code 1.
2026-09-15T23:55:29.365 DEBUG console - Starting WinSW in service mode.
2026-09-15T23:55:29.428 INFO  service - Starting C:\Portable Softwares\sing-box-wincmd\service\core\sing-box.exe
2026-09-15T23:55:29.484 INFO  service - Started process sing-box (28656).
2026-09-15T23:55:29.516 INFO  service - Service started successfully.
2026-09-15T23:55:39.164 WARN  service - Child process 'sing-box (28656)' finished with code 1.
2026-09-15T23:55:42.559 DEBUG console - Starting WinSW in service mode.
2026-09-15T23:55:42.619 INFO  service - Starting C:\Portable Softwares\sing-box-wincmd\service\core\sing-box.exe
2026-09-15T23:55:42.675 INFO  service - Started process sing-box (3552).
2026-09-15T23:55:42.705 INFO  service - Service started successfully.
2026-09-15T23:55:52.343 WARN  service - Child process 'sing-box (3552)' finished with code 1.
2026-09-15T23:56:09.780 DEBUG console - Starting WinSW in service mode.
2026-09-15T23:56:09.831 INFO  service - Starting C:\Portable Softwares\sing-box-wincmd\service\core\sing-box.exe
2026-09-15T23:56:09.903 INFO  service - Started process sing-box (5508).
2026-09-15T23:56:09.937 INFO  service - Service started successfully.
2026-09-15T23:56:19.575 WARN  service - Child process 'sing-box (5508)' finished with code 1.
2026-09-15T23:56:22.951 DEBUG console - Starting WinSW in service mode.
2026-09-15T23:56:23.008 INFO  service - Starting C:\Portable Softwares\sing-box-wincmd\service\core\sing-box.exe
2026-09-15T23:56:23.061 INFO  service - Started process sing-box (10824).
2026-09-15T23:56:23.091 INFO  service - Service started successfully.
2026-09-15T23:56:32.713 WARN  service - Child process 'sing-box (10824)' finished with code 1.
2026-09-15T23:56:50.184 DEBUG console - Starting WinSW in service mode.
2026-09-15T23:56:50.252 INFO  service - Starting C:\Portable Softwares\sing-box-wincmd\service\core\sing-box.exe
2026-09-15T23:56:50.321 INFO  service - Started process sing-box (10332).
2026-09-15T23:56:50.357 INFO  service - Service started successfully.
2026-09-15T23:57:00.003 WARN  service - Child process 'sing-box (10332)' finished with code 1.
2026-09-15T23:57:03.392 DEBUG console - Starting WinSW in service mode.
2026-09-15T23:57:03.460 INFO  service - Starting C:\Portable Softwares\sing-box-wincmd\service\core\sing-box.exe
2026-09-15T23:57:03.526 INFO  service - Started process sing-box (17552).
2026-09-15T23:57:03.562 INFO  service - Service started successfully.
2026-09-15T23:57:13.205 WARN  service - Child process 'sing-box (17552)' finished with code 1.
2026-09-15T23:57:30.674 DEBUG console - Starting WinSW in service mode.
2026-09-15T23:57:30.732 INFO  service - Starting C:\Portable Softwares\sing-box-wincmd\service\core\sing-box.exe
2026-09-15T23:57:31.074 INFO  service - Started process sing-box (20780).
2026-09-15T23:57:31.108 INFO  service - Service started successfully.
2026-09-15T23:57:40.760 WARN  service - Child process 'sing-box (20780)' finished with code 1.
2026-09-15T23:57:43.772 DEBUG console - Starting WinSW in service mode.
2026-09-15T23:57:43.828 INFO  service - Starting C:\Portable Softwares\sing-box-wincmd\service\core\sing-box.exe
2026-09-15T23:57:43.890 INFO  service - Started process sing-box (20460).
2026-09-15T23:57:43.919 INFO  service - Service started successfully.
2026-09-15T23:57:53.543 WARN  service - Child process 'sing-box (20460)' finished with code 1.
2026-09-15T23:58:11.312 DEBUG console - Starting WinSW in service mode.
2026-09-15T23:58:11.366 INFO  service - Starting C:\Portable Softwares\sing-box-wincmd\service\core\sing-box.exe
2026-09-15T23:58:11.420 INFO  service - Started process sing-box (26324).
2026-09-15T23:58:11.446 INFO  service - Service started successfully.
2026-09-15T23:58:21.076 WARN  service - Child process 'sing-box (26324)' finished with code 1.
2026-09-15T23:58:24.101 DEBUG console - Starting WinSW in service mode.
2026-09-15T23:58:24.157 INFO  service - Starting C:\Portable Softwares\sing-box-wincmd\service\core\sing-box.exe
2026-09-15T23:58:24.211 INFO  service - Started process sing-box (28460).
2026-09-15T23:58:24.240 INFO  service - Service started successfully.
2026-09-15T23:58:33.879 WARN  service - Child process 'sing-box (28460)' finished with code 1.
2026-09-15T23:58:51.679 DEBUG console - Starting WinSW in service mode.
2026-09-15T23:58:51.745 INFO  service - Starting C:\Portable Softwares\sing-box-wincmd\service\core\sing-box.exe
2026-09-15T23:58:51.802 INFO  service - Started process sing-box (24072).
2026-09-15T23:58:51.835 INFO  service - Service started successfully.
2026-09-15T23:59:01.490 WARN  service - Child process 'sing-box (24072)' finished with code 1.
2026-09-15T23:59:04.505 DEBUG console - Starting WinSW in service mode.
2026-09-15T23:59:04.568 INFO  service - Starting C:\Portable Softwares\sing-box-wincmd\service\core\sing-box.exe
2026-09-15T23:59:04.635 INFO  service - Started process sing-box (6040).
2026-09-15T23:59:04.667 INFO  service - Service started successfully.
2026-09-15T23:59:14.303 WARN  service - Child process 'sing-box (6040)' finished with code 1.
2026-09-15T23:59:32.090 DEBUG console - Starting WinSW in service mode.
2026-09-15T23:59:32.154 INFO  service - Starting C:\Portable Softwares\sing-box-wincmd\service\core\sing-box.exe
2026-09-15T23:59:32.211 INFO  service - Started process sing-box (28424).
2026-09-15T23:59:32.240 INFO  service - Service started successfully.
2026-09-15T23:59:41.875 WARN  service - Child process 'sing-box (28424)' finished with code 1.
2026-09-15T23:59:45.012 DEBUG console - Starting WinSW in service mode.
2026-09-15T23:59:45.087 INFO  service - Starting C:\Portable Softwares\sing-box-wincmd\service\core\sing-box.exe
2026-09-15T23:59:45.148 INFO  service - Started process sing-box (28628).
2026-09-15T23:59:45.179 INFO  service - Service started successfully.
2026-09-15T23:59:54.838 WARN  service - Child process 'sing-box (28628)' finished with code 1.
2026-09-16T00:00:12.572 DEBUG console - Starting WinSW in service mode.
2026-09-16T00:00:12.643 INFO  service - Starting C:\Portable Softwares\sing-box-wincmd\service\core\sing-box.exe
2026-09-16T00:00:12.710 INFO  service - Started process sing-box (8356).
2026-09-16T00:00:12.744 INFO  service - Service started successfully.
2026-09-16T00:00:22.397 WARN  service - Child process 'sing-box (8356)' finished with code 1.
2026-09-16T00:00:25.481 DEBUG console - Starting WinSW in service mode.
2026-09-16T00:00:25.549 INFO  service - Starting C:\Portable Softwares\sing-box-wincmd\service\core\sing-box.exe
2026-09-16T00:00:25.622 INFO  service - Started process sing-box (18784).
2026-09-16T00:00:25.656 INFO  service - Service started successfully.
2026-09-16T00:00:35.303 WARN  service - Child process 'sing-box (18784)' finished with code 1.
2026-09-16T00:00:52.902 DEBUG console - Starting WinSW in service mode.
2026-09-16T00:00:52.960 INFO  service - Starting C:\Portable Softwares\sing-box-wincmd\service\core\sing-box.exe
2026-09-16T00:00:53.027 INFO  service - Started process sing-box (16872).
2026-09-16T00:00:53.059 INFO  service - Service started successfully.
2026-09-16T00:01:02.707 WARN  service - Child process 'sing-box (16872)' finished with code 1.
2026-09-16T00:01:05.824 DEBUG console - Starting WinSW in service mode.
2026-09-16T00:01:05.878 INFO  service - Starting C:\Portable Softwares\sing-box-wincmd\service\core\sing-box.exe
2026-09-16T00:01:05.930 INFO  service - Started process sing-box (9664).
2026-09-16T00:01:05.958 INFO  service - Service started successfully.
2026-09-16T00:01:15.574 WARN  service - Child process 'sing-box (9664)' finished with code 1.
2026-09-16T00:01:33.217 DEBUG console - Starting WinSW in service mode.
2026-09-16T00:01:33.269 INFO  service - Starting C:\Portable Softwares\sing-box-wincmd\service\core\sing-box.exe
2026-09-16T00:01:33.318 INFO  service - Started process sing-box (13084).
2026-09-16T00:01:33.343 INFO  service - Service started successfully.
2026-09-16T00:01:42.968 WARN  service - Child process 'sing-box (13084)' finished with code 1.
2026-09-16T00:01:46.110 DEBUG console - Starting WinSW in service mode.
2026-09-16T00:01:46.162 INFO  service - Starting C:\Portable Softwares\sing-box-wincmd\service\core\sing-box.exe
2026-09-16T00:01:46.215 INFO  service - Started process sing-box (28520).
2026-09-16T00:01:46.240 INFO  service - Service started successfully.
2026-09-16T00:01:55.872 WARN  service - Child process 'sing-box (28520)' finished with code 1.
2026-09-16T00:02:13.475 DEBUG console - Starting WinSW in service mode.
2026-09-16T00:02:13.527 INFO  service - Starting C:\Portable Softwares\sing-box-wincmd\service\core\sing-box.exe
2026-09-16T00:02:13.577 INFO  service - Started process sing-box (25992).
2026-09-16T00:02:13.601 INFO  service - Service started successfully.
2026-09-16T00:02:23.230 WARN  service - Child process 'sing-box (25992)' finished with code 1.
2026-09-16T00:02:26.372 DEBUG console - Starting WinSW in service mode.
2026-09-16T00:02:26.422 INFO  service - Starting C:\Portable Softwares\sing-box-wincmd\service\core\sing-box.exe
2026-09-16T00:02:26.472 INFO  service - Started process sing-box (22024).
2026-09-16T00:02:26.498 INFO  service - Service started successfully.
2026-09-16T00:02:36.135 WARN  service - Child process 'sing-box (22024)' finished with code 1.
2026-09-16T00:02:53.776 DEBUG console - Starting WinSW in service mode.
2026-09-16T00:02:53.839 INFO  service - Starting C:\Portable Softwares\sing-box-wincmd\service\core\sing-box.exe
2026-09-16T00:02:53.900 INFO  service - Started process sing-box (20384).
2026-09-16T00:02:53.929 INFO  service - Service started successfully.
2026-09-16T00:03:03.551 WARN  service - Child process 'sing-box (20384)' finished with code 1.
2026-09-16T00:03:06.658 DEBUG console - Starting WinSW in service mode.
2026-09-16T00:03:06.709 INFO  service - Starting C:\Portable Softwares\sing-box-wincmd\service\core\sing-box.exe
2026-09-16T00:03:06.760 INFO  service - Started process sing-box (15844).
2026-09-16T00:03:06.785 INFO  service - Service started successfully.
2026-09-16T00:03:16.404 WARN  service - Child process 'sing-box (15844)' finished with code 1.
2026-09-16T00:03:34.045 DEBUG console - Starting WinSW in service mode.
2026-09-16T00:03:34.094 INFO  service - Starting C:\Portable Softwares\sing-box-wincmd\service\core\sing-box.exe
2026-09-16T00:03:34.142 INFO  service - Started process sing-box (20164).
2026-09-16T00:03:34.166 INFO  service - Service started successfully.
2026-09-16T00:03:43.787 WARN  service - Child process 'sing-box (20164)' finished with code 1.
2026-09-16T00:03:46.890 DEBUG console - Starting WinSW in service mode.
2026-09-16T00:03:46.938 INFO  service - Starting C:\Portable Softwares\sing-box-wincmd\service\core\sing-box.exe
2026-09-16T00:03:46.990 INFO  service - Started process sing-box (13504).
2026-09-16T00:03:47.016 INFO  service - Service started successfully.
2026-09-16T00:03:56.656 WARN  service - Child process 'sing-box (13504)' finished with code 1.
2026-09-16T00:04:14.277 DEBUG console - Starting WinSW in service mode.
2026-09-16T00:04:14.324 INFO  service - Starting C:\Portable Softwares\sing-box-wincmd\service\core\sing-box.exe
2026-09-16T00:04:14.375 INFO  service - Started process sing-box (19292).
2026-09-16T00:04:14.398 INFO  service - Service started successfully.
2026-09-16T00:04:24.030 WARN  service - Child process 'sing-box (19292)' finished with code 1.
2026-09-16T00:04:27.145 DEBUG console - Starting WinSW in service mode.
2026-09-16T00:04:27.194 INFO  service - Starting C:\Portable Softwares\sing-box-wincmd\service\core\sing-box.exe
2026-09-16T00:04:27.244 INFO  service - Started process sing-box (22508).
2026-09-16T00:04:27.266 INFO  service - Service started successfully.
2026-09-16T00:04:36.888 WARN  service - Child process 'sing-box (22508)' finished with code 1.
2026-09-16T00:04:54.531 DEBUG console - Starting WinSW in service mode.
2026-09-16T00:04:54.581 INFO  service - Starting C:\Portable Softwares\sing-box-wincmd\service\core\sing-box.exe
2026-09-16T00:04:54.632 INFO  service - Started process sing-box (28508).
2026-09-16T00:04:54.655 INFO  service - Service started successfully.
2026-09-16T00:05:04.287 WARN  service - Child process 'sing-box (28508)' finished with code 1.
2026-09-16T00:05:07.386 DEBUG console - Starting WinSW in service mode.
2026-09-16T00:05:07.435 INFO  service - Starting C:\Portable Softwares\sing-box-wincmd\service\core\sing-box.exe
2026-09-16T00:05:07.484 INFO  service - Started process sing-box (2476).
2026-09-16T00:05:07.508 INFO  service - Service started successfully.
2026-09-16T00:05:17.137 WARN  service - Child process 'sing-box (2476)' finished with code 1.
2026-09-16T00:05:34.797 DEBUG console - Starting WinSW in service mode.
2026-09-16T00:05:34.845 INFO  service - Starting C:\Portable Softwares\sing-box-wincmd\service\core\sing-box.exe
2026-09-16T00:05:34.896 INFO  service - Started process sing-box (15760).
2026-09-16T00:05:34.920 INFO  service - Service started successfully.
2026-09-16T00:05:44.561 WARN  service - Child process 'sing-box (15760)' finished with code 1.
2026-09-16T00:05:47.626 DEBUG console - Starting WinSW in service mode.
2026-09-16T00:05:47.675 INFO  service - Starting C:\Portable Softwares\sing-box-wincmd\service\core\sing-box.exe
2026-09-16T00:05:47.724 INFO  service - Started process sing-box (27652).
2026-09-16T00:05:47.749 INFO  service - Service started successfully.
2026-09-16T00:05:57.371 WARN  service - Child process 'sing-box (27652)' finished with code 1.
2026-09-16T00:06:15.055 DEBUG console - Starting WinSW in service mode.
2026-09-16T00:06:15.105 INFO  service - Starting C:\Portable Softwares\sing-box-wincmd\service\core\sing-box.exe
2026-09-16T00:06:15.156 INFO  service - Started process sing-box (13060).
2026-09-16T00:06:15.179 INFO  service - Service started successfully.
2026-09-16T00:06:24.815 WARN  service - Child process 'sing-box (13060)' finished with code 1.
2026-09-16T00:06:27.846 DEBUG console - Starting WinSW in service mode.
2026-09-16T00:06:27.894 INFO  service - Starting C:\Portable Softwares\sing-box-wincmd\service\core\sing-box.exe
2026-09-16T00:06:27.944 INFO  service - Started process sing-box (26856).
2026-09-16T00:06:27.966 INFO  service - Service started successfully.
2026-09-16T00:06:37.594 WARN  service - Child process 'sing-box (26856)' finished with code 1.
2026-09-16T00:06:55.322 DEBUG console - Starting WinSW in service mode.
2026-09-16T00:06:55.371 INFO  service - Starting C:\Portable Softwares\sing-box-wincmd\service\core\sing-box.exe
2026-09-16T00:06:55.423 INFO  service - Started process sing-box (8436).
2026-09-16T00:06:55.447 INFO  service - Service started successfully.
2026-09-16T00:07:05.066 WARN  service - Child process 'sing-box (8436)' finished with code 1.
2026-09-16T00:07:08.077 DEBUG console - Starting WinSW in service mode.
2026-09-16T00:07:08.127 INFO  service - Starting C:\Portable Softwares\sing-box-wincmd\service\core\sing-box.exe
2026-09-16T00:07:08.181 INFO  service - Started process sing-box (24012).
2026-09-16T00:07:08.208 INFO  service - Service started successfully.
2026-09-16T00:07:17.831 WARN  service - Child process 'sing-box (24012)' finished with code 1.
2026-09-16T00:07:35.557 DEBUG console - Starting WinSW in service mode.
2026-09-16T00:07:35.606 INFO  service - Starting C:\Portable Softwares\sing-box-wincmd\service\core\sing-box.exe
2026-09-16T00:07:35.658 INFO  service - Started process sing-box (24296).
2026-09-16T00:07:35.682 INFO  service - Service started successfully.
2026-09-16T00:07:45.320 WARN  service - Child process 'sing-box (24296)' finished with code 1.
2026-09-16T00:07:48.320 DEBUG console - Starting WinSW in service mode.
2026-09-16T00:07:48.370 INFO  service - Starting C:\Portable Softwares\sing-box-wincmd\service\core\sing-box.exe
2026-09-16T00:07:48.419 INFO  service - Started process sing-box (604).
2026-09-16T00:07:48.442 INFO  service - Service started successfully.
2026-09-16T00:07:58.071 WARN  service - Child process 'sing-box (604)' finished with code 1.
2026-09-16T00:08:15.829 DEBUG console - Starting WinSW in service mode.
2026-09-16T00:08:15.878 INFO  service - Starting C:\Portable Softwares\sing-box-wincmd\service\core\sing-box.exe
2026-09-16T00:08:15.929 INFO  service - Started process sing-box (23324).
2026-09-16T00:08:15.953 INFO  service - Service started successfully.
2026-09-16T00:08:25.577 WARN  service - Child process 'sing-box (23324)' finished with code 1.
2026-09-16T00:08:28.544 DEBUG console - Starting WinSW in service mode.
2026-09-16T00:08:28.591 INFO  service - Starting C:\Portable Softwares\sing-box-wincmd\service\core\sing-box.exe
2026-09-16T00:08:28.642 INFO  service - Started process sing-box (20644).
2026-09-16T00:08:28.665 INFO  service - Service started successfully.
2026-09-16T00:08:38.303 WARN  service - Child process 'sing-box (20644)' finished with code 1.
2026-09-16T00:08:56.091 DEBUG console - Starting WinSW in service mode.
2026-09-16T00:08:56.140 INFO  service - Starting C:\Portable Softwares\sing-box-wincmd\service\core\sing-box.exe
2026-09-16T00:08:56.188 INFO  service - Started process sing-box (5176).
2026-09-16T00:08:56.211 INFO  service - Service started successfully.
2026-09-16T00:09:05.846 WARN  service - Child process 'sing-box (5176)' finished with code 1.
2026-09-16T00:09:08.804 DEBUG console - Starting WinSW in service mode.
2026-09-16T00:09:08.852 INFO  service - Starting C:\Portable Softwares\sing-box-wincmd\service\core\sing-box.exe
2026-09-16T00:09:08.902 INFO  service - Started process sing-box (20904).
2026-09-16T00:09:08.925 INFO  service - Service started successfully.
2026-09-16T00:09:18.554 WARN  service - Child process 'sing-box (20904)' finished with code 1.
2026-09-16T00:09:36.353 DEBUG console - Starting WinSW in service mode.
2026-09-16T00:09:36.401 INFO  service - Starting C:\Portable Softwares\sing-box-wincmd\service\core\sing-box.exe
2026-09-16T00:09:36.461 INFO  service - Started process sing-box (28048).
2026-09-16T00:09:36.488 INFO  service - Service started successfully.
2026-09-16T00:09:46.119 WARN  service - Child process 'sing-box (28048)' finished with code 1.
2026-09-16T00:09:49.051 DEBUG console - Starting WinSW in service mode.
2026-09-16T00:09:49.099 INFO  service - Starting C:\Portable Softwares\sing-box-wincmd\service\core\sing-box.exe
2026-09-16T00:09:49.148 INFO  service - Started process sing-box (6512).
2026-09-16T00:09:49.171 INFO  service - Service started successfully.
2026-09-16T00:09:58.796 WARN  service - Child process 'sing-box (6512)' finished with code 1.
2026-09-16T00:10:16.606 DEBUG console - Starting WinSW in service mode.
2026-09-16T00:10:16.654 INFO  service - Starting C:\Portable Softwares\sing-box-wincmd\service\core\sing-box.exe
2026-09-16T00:10:16.705 INFO  service - Started process sing-box (24296).
2026-09-16T00:10:16.729 INFO  service - Service started successfully.
2026-09-16T00:10:26.359 WARN  service - Child process 'sing-box (24296)' finished with code 1.
2026-09-16T00:10:29.281 DEBUG console - Starting WinSW in service mode.
2026-09-16T00:10:29.331 INFO  service - Starting C:\Portable Softwares\sing-box-wincmd\service\core\sing-box.exe
2026-09-16T00:10:29.382 INFO  service - Started process sing-box (25524).
2026-09-16T00:10:29.405 INFO  service - Service started successfully.
2026-09-16T00:10:39.038 WARN  service - Child process 'sing-box (25524)' finished with code 1.
2026-09-16T00:10:56.866 DEBUG console - Starting WinSW in service mode.
2026-09-16T00:10:56.914 INFO  service - Starting C:\Portable Softwares\sing-box-wincmd\service\core\sing-box.exe
2026-09-16T00:10:56.965 INFO  service - Started process sing-box (17564).
2026-09-16T00:10:56.988 INFO  service - Service started successfully.
2026-09-16T00:11:06.612 WARN  service - Child process 'sing-box (17564)' finished with code 1.
2026-09-16T00:11:09.511 DEBUG console - Starting WinSW in service mode.
2026-09-16T00:11:09.561 INFO  service - Starting C:\Portable Softwares\sing-box-wincmd\service\core\sing-box.exe
2026-09-16T00:11:09.610 INFO  service - Started process sing-box (11752).
2026-09-16T00:11:09.634 INFO  service - Service started successfully.
2026-09-16T00:11:19.271 WARN  service - Child process 'sing-box (11752)' finished with code 1.
2026-09-16T00:11:37.098 DEBUG console - Starting WinSW in service mode.
2026-09-16T00:11:37.147 INFO  service - Starting C:\Portable Softwares\sing-box-wincmd\service\core\sing-box.exe
2026-09-16T00:11:37.197 INFO  service - Started process sing-box (7684).
2026-09-16T00:11:37.219 INFO  service - Service started successfully.
2026-09-16T00:11:46.846 WARN  service - Child process 'sing-box (7684)' finished with code 1.
2026-09-16T00:11:49.754 DEBUG console - Starting WinSW in service mode.
2026-09-16T00:11:49.803 INFO  service - Starting C:\Portable Softwares\sing-box-wincmd\service\core\sing-box.exe
2026-09-16T00:11:49.854 INFO  service - Started process sing-box (18848).
2026-09-16T00:11:49.879 INFO  service - Service started successfully.
2026-09-16T00:11:59.509 WARN  service - Child process 'sing-box (18848)' finished with code 1.
2026-09-16T00:12:17.371 DEBUG console - Starting WinSW in service mode.
2026-09-16T00:12:17.420 INFO  service - Starting C:\Portable Softwares\sing-box-wincmd\service\core\sing-box.exe
2026-09-16T00:12:17.469 INFO  service - Started process sing-box (22972).
2026-09-16T00:12:17.491 INFO  service - Service started successfully.
2026-09-16T00:12:27.134 WARN  service - Child process 'sing-box (22972)' finished with code 1.
2026-09-16T00:12:29.973 DEBUG console - Starting WinSW in service mode.
2026-09-16T00:12:30.020 INFO  service - Starting C:\Portable Softwares\sing-box-wincmd\service\core\sing-box.exe
2026-09-16T00:12:30.070 INFO  service - Started process sing-box (27884).
2026-09-16T00:12:30.093 INFO  service - Service started successfully.
2026-09-16T00:12:39.736 WARN  service - Child process 'sing-box (27884)' finished with code 1.
2026-09-16T00:12:57.653 DEBUG console - Starting WinSW in service mode.
2026-09-16T00:12:57.701 INFO  service - Starting C:\Portable Softwares\sing-box-wincmd\service\core\sing-box.exe
2026-09-16T00:12:57.756 INFO  service - Started process sing-box (19288).
2026-09-16T00:12:57.779 INFO  service - Service started successfully.
2026-09-16T00:13:07.410 WARN  service - Child process 'sing-box (19288)' finished with code 1.
2026-09-16T00:13:10.219 DEBUG console - Starting WinSW in service mode.
2026-09-16T00:13:10.267 INFO  service - Starting C:\Portable Softwares\sing-box-wincmd\service\core\sing-box.exe
2026-09-16T00:13:10.319 INFO  service - Started process sing-box (15884).
2026-09-16T00:13:10.343 INFO  service - Service started successfully.
2026-09-16T00:13:19.966 WARN  service - Child process 'sing-box (15884)' finished with code 1.
2026-09-16T00:13:37.908 DEBUG console - Starting WinSW in service mode.
2026-09-16T00:13:37.957 INFO  service - Starting C:\Portable Softwares\sing-box-wincmd\service\core\sing-box.exe
2026-09-16T00:13:38.006 INFO  service - Started process sing-box (9020).
2026-09-16T00:13:38.029 INFO  service - Service started successfully.
2026-09-16T00:13:47.659 WARN  service - Child process 'sing-box (9020)' finished with code 1.
2026-09-16T00:13:50.443 DEBUG console - Starting WinSW in service mode.
2026-09-16T00:13:50.492 INFO  service - Starting C:\Portable Softwares\sing-box-wincmd\service\core\sing-box.exe
2026-09-16T00:13:50.544 INFO  service - Started process sing-box (17536).
2026-09-16T00:13:50.568 INFO  service - Service started successfully.
2026-09-16T00:14:00.197 WARN  service - Child process 'sing-box (17536)' finished with code 1.
2026-09-16T00:14:18.152 DEBUG console - Starting WinSW in service mode.
2026-09-16T00:14:18.200 INFO  service - Starting C:\Portable Softwares\sing-box-wincmd\service\core\sing-box.exe
2026-09-16T00:14:18.250 INFO  service - Started process sing-box (2924).
2026-09-16T00:14:18.273 INFO  service - Service started successfully.
2026-09-16T00:14:27.892 WARN  service - Child process 'sing-box (2924)' finished with code 1.
2026-09-16T00:14:30.678 DEBUG console - Starting WinSW in service mode.
2026-09-16T00:14:30.726 INFO  service - Starting C:\Portable Softwares\sing-box-wincmd\service\core\sing-box.exe
2026-09-16T00:14:30.774 INFO  service - Started process sing-box (23520).
2026-09-16T00:14:30.797 INFO  service - Service started successfully.
2026-09-16T00:14:40.425 WARN  service - Child process 'sing-box (23520)' finished with code 1.
2026-09-16T00:14:58.383 DEBUG console - Starting WinSW in service mode.
2026-09-16T00:14:58.432 INFO  service - Starting C:\Portable Softwares\sing-box-wincmd\service\core\sing-box.exe
2026-09-16T00:14:58.484 INFO  service - Started process sing-box (12080).
2026-09-16T00:14:58.509 INFO  service - Service started successfully.
2026-09-16T00:15:08.138 WARN  service - Child process 'sing-box (12080)' finished with code 1.
2026-09-16T00:15:10.898 DEBUG console - Starting WinSW in service mode.
2026-09-16T00:15:10.951 INFO  service - Starting C:\Portable Softwares\sing-box-wincmd\service\core\sing-box.exe
2026-09-16T00:15:11.002 INFO  service - Started process sing-box (2928).
2026-09-16T00:15:11.026 INFO  service - Service started successfully.
2026-09-16T00:15:20.640 WARN  service - Child process 'sing-box (2928)' finished with code 1.
2026-09-16T00:15:38.627 DEBUG console - Starting WinSW in service mode.
2026-09-16T00:15:38.676 INFO  service - Starting C:\Portable Softwares\sing-box-wincmd\service\core\sing-box.exe
2026-09-16T00:15:38.726 INFO  service - Started process sing-box (13440).
2026-09-16T00:15:38.750 INFO  service - Service started successfully.
2026-09-16T00:15:48.387 WARN  service - Child process 'sing-box (13440)' finished with code 1.
2026-09-16T00:15:51.119 DEBUG console - Starting WinSW in service mode.
2026-09-16T00:15:51.167 INFO  service - Starting C:\Portable Softwares\sing-box-wincmd\service\core\sing-box.exe
2026-09-16T00:15:51.217 INFO  service - Started process sing-box (25492).
2026-09-16T00:15:51.240 INFO  service - Service started successfully.
2026-09-16T00:16:00.867 WARN  service - Child process 'sing-box (25492)' finished with code 1.
2026-09-16T00:16:18.866 DEBUG console - Starting WinSW in service mode.
2026-09-16T00:16:18.914 INFO  service - Starting C:\Portable Softwares\sing-box-wincmd\service\core\sing-box.exe
2026-09-16T00:16:18.964 INFO  service - Started process sing-box (28612).
2026-09-16T00:16:18.987 INFO  service - Service started successfully.
2026-09-16T00:16:28.625 WARN  service - Child process 'sing-box (28612)' finished with code 1.
2026-09-16T00:16:31.354 DEBUG console - Starting WinSW in service mode.
2026-09-16T00:16:31.402 INFO  service - Starting C:\Portable Softwares\sing-box-wincmd\service\core\sing-box.exe
2026-09-16T00:16:31.451 INFO  service - Started process sing-box (9156).
2026-09-16T00:16:31.475 INFO  service - Service started successfully.
2026-09-16T00:16:41.105 WARN  service - Child process 'sing-box (9156)' finished with code 1.
2026-09-16T00:16:59.101 DEBUG console - Starting WinSW in service mode.
2026-09-16T00:16:59.150 INFO  service - Starting C:\Portable Softwares\sing-box-wincmd\service\core\sing-box.exe
2026-09-16T00:16:59.199 INFO  service - Started process sing-box (13128).
2026-09-16T00:16:59.222 INFO  service - Service started successfully.
2026-09-16T00:17:08.840 WARN  service - Child process 'sing-box (13128)' finished with code 1.
2026-09-16T00:17:11.589 DEBUG console - Starting WinSW in service mode.
2026-09-16T00:17:11.637 INFO  service - Starting C:\Portable Softwares\sing-box-wincmd\service\core\sing-box.exe
2026-09-16T00:17:11.688 INFO  service - Started process sing-box (22972).
2026-09-16T00:17:11.712 INFO  service - Service started successfully.
2026-09-16T00:17:21.347 WARN  service - Child process 'sing-box (22972)' finished with code 1.
2026-09-16T00:17:39.326 DEBUG console - Starting WinSW in service mode.
2026-09-16T00:17:39.374 INFO  service - Starting C:\Portable Softwares\sing-box-wincmd\service\core\sing-box.exe
2026-09-16T00:17:39.424 INFO  service - Started process sing-box (3744).
2026-09-16T00:17:39.447 INFO  service - Service started successfully.
2026-09-16T00:17:49.072 WARN  service - Child process 'sing-box (3744)' finished with code 1.
2026-09-16T00:17:51.837 DEBUG console - Starting WinSW in service mode.
2026-09-16T00:17:51.885 INFO  service - Starting C:\Portable Softwares\sing-box-wincmd\service\core\sing-box.exe
2026-09-16T00:17:51.935 INFO  service - Started process sing-box (27048).
2026-09-16T00:17:51.959 INFO  service - Service started successfully.
2026-09-16T00:18:01.578 WARN  service - Child process 'sing-box (27048)' finished with code 1.
2026-09-16T00:18:19.557 DEBUG console - Starting WinSW in service mode.
2026-09-16T00:18:19.606 INFO  service - Starting C:\Portable Softwares\sing-box-wincmd\service\core\sing-box.exe
2026-09-16T00:18:19.665 INFO  service - Started process sing-box (21312).
2026-09-16T00:18:19.690 INFO  service - Service started successfully.
2026-09-16T00:18:29.322 WARN  service - Child process 'sing-box (21312)' finished with code 1.
2026-09-16T00:18:32.068 DEBUG console - Starting WinSW in service mode.
2026-09-16T00:18:32.117 INFO  service - Starting C:\Portable Softwares\sing-box-wincmd\service\core\sing-box.exe
2026-09-16T00:18:32.166 INFO  service - Started process sing-box (21760).
2026-09-16T00:18:32.190 INFO  service - Service started successfully.
2026-09-16T00:18:41.818 WARN  service - Child process 'sing-box (21760)' finished with code 1.
2026-09-16T00:18:59.801 DEBUG console - Starting WinSW in service mode.
2026-09-16T00:18:59.850 INFO  service - Starting C:\Portable Softwares\sing-box-wincmd\service\core\sing-box.exe
2026-09-16T00:18:59.904 INFO  service - Started process sing-box (14748).
2026-09-16T00:18:59.928 INFO  service - Service started successfully.
2026-09-16T00:19:09.553 WARN  service - Child process 'sing-box (14748)' finished with code 1.
2026-09-16T00:19:12.289 DEBUG console - Starting WinSW in service mode.
2026-09-16T00:19:12.338 INFO  service - Starting C:\Portable Softwares\sing-box-wincmd\service\core\sing-box.exe
2026-09-16T00:19:12.389 INFO  service - Started process sing-box (16868).
2026-09-16T00:19:12.413 INFO  service - Service started successfully.
2026-09-16T00:19:22.041 WARN  service - Child process 'sing-box (16868)' finished with code 1.
2026-09-16T00:19:40.056 DEBUG console - Starting WinSW in service mode.
2026-09-16T00:19:40.105 INFO  service - Starting C:\Portable Softwares\sing-box-wincmd\service\core\sing-box.exe
2026-09-16T00:19:40.155 INFO  service - Started process sing-box (10232).
2026-09-16T00:19:40.179 INFO  service - Service started successfully.
2026-09-16T00:19:49.799 WARN  service - Child process 'sing-box (10232)' finished with code 1.
2026-09-16T00:19:52.540 DEBUG console - Starting WinSW in service mode.
2026-09-16T00:19:52.588 INFO  service - Starting C:\Portable Softwares\sing-box-wincmd\service\core\sing-box.exe
2026-09-16T00:19:52.635 INFO  service - Started process sing-box (24500).
2026-09-16T00:19:52.658 INFO  service - Service started successfully.
2026-09-16T00:20:02.292 WARN  service - Child process 'sing-box (24500)' finished with code 1.
2026-09-16T00:20:20.292 DEBUG console - Starting WinSW in service mode.
2026-09-16T00:20:20.339 INFO  service - Starting C:\Portable Softwares\sing-box-wincmd\service\core\sing-box.exe
2026-09-16T00:20:20.387 INFO  service - Started process sing-box (20076).
2026-09-16T00:20:20.410 INFO  service - Service started successfully.
2026-09-16T00:20:30.040 WARN  service - Child process 'sing-box (20076)' finished with code 1.
2026-09-16T00:20:32.799 DEBUG console - Starting WinSW in service mode.
2026-09-16T00:20:32.845 INFO  service - Starting C:\Portable Softwares\sing-box-wincmd\service\core\sing-box.exe
2026-09-16T00:20:32.892 INFO  service - Started process sing-box (16160).
2026-09-16T00:20:32.916 INFO  service - Service started successfully.
2026-09-16T00:20:42.535 WARN  service - Child process 'sing-box (16160)' finished with code 1.
2026-09-16T00:21:00.520 DEBUG console - Starting WinSW in service mode.
2026-09-16T00:21:00.567 INFO  service - Starting C:\Portable Softwares\sing-box-wincmd\service\core\sing-box.exe
2026-09-16T00:21:00.617 INFO  service - Started process sing-box (9356).
2026-09-16T00:21:00.640 INFO  service - Service started successfully.
2026-09-16T00:21:10.262 WARN  service - Child process 'sing-box (9356)' finished with code 1.
2026-09-16T00:21:12.996 DEBUG console - Starting WinSW in service mode.
2026-09-16T00:21:13.042 INFO  service - Starting C:\Portable Softwares\sing-box-wincmd\service\core\sing-box.exe
2026-09-16T00:21:13.089 INFO  service - Started process sing-box (8924).
2026-09-16T00:21:13.112 INFO  service - Service started successfully.
2026-09-16T00:21:22.735 WARN  service - Child process 'sing-box (8924)' finished with code 1.
2026-09-16T00:21:40.726 INFO  console - Starting service 'sing-box (sing-box)'...
2026-09-16T00:21:40.755 INFO  console - Service 'sing-box (sing-box)' has already started.
2026-09-16T00:21:40.759 DEBUG console - Starting WinSW in service mode.
2026-09-16T00:21:40.809 INFO  service - Starting C:\Portable Softwares\sing-box-wincmd\service\core\sing-box.exe
2026-09-16T00:21:40.860 INFO  service - Started process sing-box (28400).
2026-09-16T00:21:40.886 INFO  service - Service started successfully.
2026-09-16T00:21:50.147 INFO  console - Stopping service 'sing-box (sing-box)'...
2026-09-16T00:21:50.170 INFO  service - Stopping sing-box
2026-09-16T00:21:50.172 DEBUG service - ProcessKill 28400
2026-09-16T00:21:50.507 INFO  service - Child process 'sing-box (28400)' canceled with code 1.
2026-09-16T00:21:50.526 INFO  service - Finished sing-box
2026-09-16T00:21:50.527 INFO  service - Service stopped successfully.
2026-09-16T00:21:50.692 INFO  console - Service 'sing-box (sing-box)' stopped successfully.
2026-09-16T00:21:52.595 INFO  console - Starting service 'sing-box (sing-box)'...
2026-09-16T00:21:53.058 DEBUG console - Starting WinSW in service mode.
2026-09-16T00:21:53.107 INFO  service - Starting C:\Portable Softwares\sing-box-wincmd\service\core\sing-box.exe
2026-09-16T00:21:53.155 INFO  service - Started process sing-box (14984).
2026-09-16T00:21:53.179 INFO  service - Service started successfully.
2026-09-16T00:21:53.353 INFO  console - Service 'sing-box (sing-box)' started successfully.
2026-09-16T00:22:02.804 WARN  service - Child process 'sing-box (14984)' finished with code 1.
2026-09-16T00:22:33.300 DEBUG console - Starting WinSW in service mode.
2026-09-16T00:22:33.349 INFO  service - Starting C:\Portable Softwares\sing-box-wincmd\service\core\sing-box.exe
2026-09-16T00:22:33.400 INFO  service - Started process sing-box (12556).
2026-09-16T00:22:33.423 INFO  service - Service started successfully.
2026-09-16T00:22:43.057 WARN  service - Child process 'sing-box (12556)' finished with code 1.
2026-09-16T00:23:13.562 DEBUG console - Starting WinSW in service mode.
2026-09-16T00:23:13.610 INFO  service - Starting C:\Portable Softwares\sing-box-wincmd\service\core\sing-box.exe
2026-09-16T00:23:13.659 INFO  service - Started process sing-box (12480).
2026-09-16T00:23:13.682 INFO  service - Service started successfully.
2026-09-16T00:23:23.307 WARN  service - Child process 'sing-box (12480)' finished with code 1.
2026-09-16T00:23:53.805 DEBUG console - Starting WinSW in service mode.
2026-09-16T00:23:53.855 INFO  service - Starting C:\Portable Softwares\sing-box-wincmd\service\core\sing-box.exe
2026-09-16T00:23:53.904 INFO  service - Started process sing-box (14144).
2026-09-16T00:23:53.927 INFO  service - Service started successfully.
2026-09-16T00:24:03.548 WARN  service - Child process 'sing-box (14144)' finished with code 1.
2026-09-16T00:24:34.052 DEBUG console - Starting WinSW in service mode.
2026-09-16T00:24:34.101 INFO  service - Starting C:\Portable Softwares\sing-box-wincmd\service\core\sing-box.exe
2026-09-16T00:24:34.149 INFO  service - Started process sing-box (19328).
2026-09-16T00:24:34.173 INFO  service - Service started successfully.
2026-09-16T00:24:43.795 WARN  service - Child process 'sing-box (19328)' finished with code 1.
2026-09-16T00:25:14.296 DEBUG console - Starting WinSW in service mode.
2026-09-16T00:25:14.344 INFO  service - Starting C:\Portable Softwares\sing-box-wincmd\service\core\sing-box.exe
2026-09-16T00:25:14.393 INFO  service - Started process sing-box (12140).
2026-09-16T00:25:14.416 INFO  service - Service started successfully.
2026-09-16T00:25:24.038 WARN  service - Child process 'sing-box (12140)' finished with code 1.
2026-09-16T00:25:54.536 DEBUG console - Starting WinSW in service mode.
2026-09-16T00:25:54.587 INFO  service - Starting C:\Portable Softwares\sing-box-wincmd\service\core\sing-box.exe
2026-09-16T00:25:54.639 INFO  service - Started process sing-box (16176).
2026-09-16T00:25:54.662 INFO  service - Service started successfully.
2026-09-16T00:26:04.286 WARN  service - Child process 'sing-box (16176)' finished with code 1.
2026-09-16T00:26:34.766 DEBUG console - Starting WinSW in service mode.
2026-09-16T00:26:34.814 INFO  service - Starting C:\Portable Softwares\sing-box-wincmd\service\core\sing-box.exe
2026-09-16T00:26:34.861 INFO  service - Started process sing-box (7528).
2026-09-16T00:26:34.885 INFO  service - Service started successfully.
2026-09-16T00:26:44.500 WARN  service - Child process 'sing-box (7528)' finished with code 1.
2026-09-16T00:27:14.987 DEBUG console - Starting WinSW in service mode.
2026-09-16T00:27:15.036 INFO  service - Starting C:\Portable Softwares\sing-box-wincmd\service\core\sing-box.exe
2026-09-16T00:27:15.089 INFO  service - Started process sing-box (5576).
2026-09-16T00:27:15.112 INFO  service - Service started successfully.
2026-09-16T00:27:24.736 WARN  service - Child process 'sing-box (5576)' finished with code 1.
2026-09-16T00:27:55.235 DEBUG console - Starting WinSW in service mode.
2026-09-16T00:27:55.285 INFO  service - Starting C:\Portable Softwares\sing-box-wincmd\service\core\sing-box.exe
2026-09-16T00:27:55.335 INFO  service - Started process sing-box (24980).
2026-09-16T00:27:55.364 INFO  service - Service started successfully.
2026-09-16T00:28:04.984 WARN  service - Child process 'sing-box (24980)' finished with code 1.
2026-09-16T00:28:35.447 DEBUG console - Starting WinSW in service mode.
2026-09-16T00:28:35.495 INFO  service - Starting C:\Portable Softwares\sing-box-wincmd\service\core\sing-box.exe
2026-09-16T00:28:35.544 INFO  service - Started process sing-box (28080).
2026-09-16T00:28:35.568 INFO  service - Service started successfully.
2026-09-16T00:28:45.198 WARN  service - Child process 'sing-box (28080)' finished with code 1.
2026-09-16T00:29:15.671 DEBUG console - Starting WinSW in service mode.
2026-09-16T00:29:15.718 INFO  service - Starting C:\Portable Softwares\sing-box-wincmd\service\core\sing-box.exe
2026-09-16T00:29:15.767 INFO  service - Started process sing-box (5328).
2026-09-16T00:29:15.790 INFO  service - Service started successfully.
2026-09-16T00:29:25.412 WARN  service - Child process 'sing-box (5328)' finished with code 1.
2026-09-16T00:29:55.887 DEBUG console - Starting WinSW in service mode.
2026-09-16T00:29:55.935 INFO  service - Starting C:\Portable Softwares\sing-box-wincmd\service\core\sing-box.exe
2026-09-16T00:29:55.985 INFO  service - Started process sing-box (23840).
2026-09-16T00:29:56.008 INFO  service - Service started successfully.
2026-09-16T00:30:05.624 WARN  service - Child process 'sing-box (23840)' finished with code 1.
2026-09-16T00:30:36.102 DEBUG console - Starting WinSW in service mode.
2026-09-16T00:30:36.151 INFO  service - Starting C:\Portable Softwares\sing-box-wincmd\service\core\sing-box.exe
2026-09-16T00:30:36.202 INFO  service - Started process sing-box (5692).
2026-09-16T00:30:36.226 INFO  service - Service started successfully.
2026-09-16T00:30:45.851 WARN  service - Child process 'sing-box (5692)' finished with code 1.
2026-09-16T00:31:16.331 DEBUG console - Starting WinSW in service mode.
2026-09-16T00:31:16.380 INFO  service - Starting C:\Portable Softwares\sing-box-wincmd\service\core\sing-box.exe
2026-09-16T00:31:16.428 INFO  service - Started process sing-box (28152).
2026-09-16T00:31:16.451 INFO  service - Service started successfully.
2026-09-16T00:31:26.073 WARN  service - Child process 'sing-box (28152)' finished with code 1.
2026-09-16T00:31:56.549 DEBUG console - Starting WinSW in service mode.
2026-09-16T00:31:56.597 INFO  service - Starting C:\Portable Softwares\sing-box-wincmd\service\core\sing-box.exe
2026-09-16T00:31:56.647 INFO  service - Started process sing-box (21648).
2026-09-16T00:31:56.670 INFO  service - Service started successfully.
2026-09-16T00:32:06.293 WARN  service - Child process 'sing-box (21648)' finished with code 1.
2026-09-16T00:32:36.774 DEBUG console - Starting WinSW in service mode.
2026-09-16T00:32:36.824 INFO  service - Starting C:\Portable Softwares\sing-box-wincmd\service\core\sing-box.exe
2026-09-16T00:32:36.874 INFO  service - Started process sing-box (12460).
2026-09-16T00:32:36.897 INFO  service - Service started successfully.
2026-09-16T00:32:46.520 WARN  service - Child process 'sing-box (12460)' finished with code 1.
2026-09-16T00:33:16.998 DEBUG console - Starting WinSW in service mode.
2026-09-16T00:33:17.047 INFO  service - Starting C:\Portable Softwares\sing-box-wincmd\service\core\sing-box.exe
2026-09-16T00:33:17.097 INFO  service - Started process sing-box (21568).
2026-09-16T00:33:17.121 INFO  service - Service started successfully.
2026-09-16T00:33:26.746 WARN  service - Child process 'sing-box (21568)' finished with code 1.
2026-09-16T00:33:57.228 DEBUG console - Starting WinSW in service mode.
2026-09-16T00:33:57.277 INFO  service - Starting C:\Portable Softwares\sing-box-wincmd\service\core\sing-box.exe
2026-09-16T00:33:57.324 INFO  service - Started process sing-box (2720).
2026-09-16T00:33:57.348 INFO  service - Service started successfully.
2026-09-16T00:34:06.969 WARN  service - Child process 'sing-box (2720)' finished with code 1.
2026-09-16T00:34:37.456 DEBUG console - Starting WinSW in service mode.
2026-09-16T00:34:37.506 INFO  service - Starting C:\Portable Softwares\sing-box-wincmd\service\core\sing-box.exe
2026-09-16T00:34:37.555 INFO  service - Started process sing-box (26728).
2026-09-16T00:34:37.579 INFO  service - Service started successfully.
2026-09-16T00:34:47.203 WARN  service - Child process 'sing-box (26728)' finished with code 1.
2026-09-16T00:35:17.695 DEBUG console - Starting WinSW in service mode.
2026-09-16T00:35:17.743 INFO  service - Starting C:\Portable Softwares\sing-box-wincmd\service\core\sing-box.exe
2026-09-16T00:35:17.792 INFO  service - Started process sing-box (10196).
2026-09-16T00:35:17.816 INFO  service - Service started successfully.
2026-09-16T00:35:27.434 WARN  service - Child process 'sing-box (10196)' finished with code 1.
2026-09-16T00:35:57.945 DEBUG console - Starting WinSW in service mode.
2026-09-16T00:35:57.994 INFO  service - Starting C:\Portable Softwares\sing-box-wincmd\service\core\sing-box.exe
2026-09-16T00:35:58.042 INFO  service - Started process sing-box (21664).
2026-09-16T00:35:58.064 INFO  service - Service started successfully.
2026-09-16T00:36:07.685 WARN  service - Child process 'sing-box (21664)' finished with code 1.
2026-09-16T00:36:38.187 DEBUG console - Starting WinSW in service mode.
2026-09-16T00:36:38.236 INFO  service - Starting C:\Portable Softwares\sing-box-wincmd\service\core\sing-box.exe
2026-09-16T00:36:38.286 INFO  service - Started process sing-box (17652).
2026-09-16T00:36:38.310 INFO  service - Service started successfully.
2026-09-16T00:36:47.935 WARN  service - Child process 'sing-box (17652)' finished with code 1.
2026-09-16T00:37:18.452 DEBUG console - Starting WinSW in service mode.
2026-09-16T00:37:18.504 INFO  service - Starting C:\Portable Softwares\sing-box-wincmd\service\core\sing-box.exe
2026-09-16T00:37:18.554 INFO  service - Started process sing-box (17820).
2026-09-16T00:37:18.578 INFO  service - Service started successfully.
2026-09-16T00:37:28.199 WARN  service - Child process 'sing-box (17820)' finished with code 1.
2026-09-16T00:37:58.685 DEBUG console - Starting WinSW in service mode.
2026-09-16T00:37:58.733 INFO  service - Starting C:\Portable Softwares\sing-box-wincmd\service\core\sing-box.exe
2026-09-16T00:37:58.782 INFO  service - Started process sing-box (2768).
2026-09-16T00:37:58.805 INFO  service - Service started successfully.
2026-09-16T00:38:08.441 WARN  service - Child process 'sing-box (2768)' finished with code 1.
2026-09-16T00:38:38.942 DEBUG console - Starting WinSW in service mode.
2026-09-16T00:38:38.990 INFO  service - Starting C:\Portable Softwares\sing-box-wincmd\service\core\sing-box.exe
2026-09-16T00:38:39.038 INFO  service - Started process sing-box (26408).
2026-09-16T00:38:39.061 INFO  service - Service started successfully.
2026-09-16T00:38:48.695 WARN  service - Child process 'sing-box (26408)' finished with code 1.
2026-09-16T00:39:19.201 DEBUG console - Starting WinSW in service mode.
2026-09-16T00:39:19.250 INFO  service - Starting C:\Portable Softwares\sing-box-wincmd\service\core\sing-box.exe
2026-09-16T00:39:19.300 INFO  service - Started process sing-box (27024).
2026-09-16T00:39:19.323 INFO  service - Service started successfully.
2026-09-16T00:39:28.961 WARN  service - Child process 'sing-box (27024)' finished with code 1.
2026-09-16T00:39:59.450 DEBUG console - Starting WinSW in service mode.
2026-09-16T00:39:59.498 INFO  service - Starting C:\Portable Softwares\sing-box-wincmd\service\core\sing-box.exe
2026-09-16T00:39:59.550 INFO  service - Started process sing-box (27948).
2026-09-16T00:39:59.573 INFO  service - Service started successfully.
2026-09-16T00:40:09.193 WARN  service - Child process 'sing-box (27948)' finished with code 1.
2026-09-16T00:40:39.668 DEBUG console - Starting WinSW in service mode.
2026-09-16T00:40:39.715 INFO  service - Starting C:\Portable Softwares\sing-box-wincmd\service\core\sing-box.exe
2026-09-16T00:40:39.766 INFO  service - Started process sing-box (4244).
2026-09-16T00:40:39.788 INFO  service - Service started successfully.
2026-09-16T00:40:49.423 WARN  service - Child process 'sing-box (4244)' finished with code 1.
2026-09-16T00:41:19.933 DEBUG console - Starting WinSW in service mode.
2026-09-16T00:41:19.982 INFO  service - Starting C:\Portable Softwares\sing-box-wincmd\service\core\sing-box.exe
2026-09-16T00:41:20.031 INFO  service - Started process sing-box (6784).
2026-09-16T00:41:20.054 INFO  service - Service started successfully.
2026-09-16T00:41:29.678 WARN  service - Child process 'sing-box (6784)' finished with code 1.
2026-09-16T00:42:00.187 DEBUG console - Starting WinSW in service mode.
2026-09-16T00:42:00.235 INFO  service - Starting C:\Portable Softwares\sing-box-wincmd\service\core\sing-box.exe
2026-09-16T00:42:00.287 INFO  service - Started process sing-box (25756).
2026-09-16T00:42:00.310 INFO  service - Service started successfully.
2026-09-16T00:42:09.929 WARN  service - Child process 'sing-box (25756)' finished with code 1.
2026-09-16T00:42:40.417 DEBUG console - Starting WinSW in service mode.
2026-09-16T00:42:40.465 INFO  service - Starting C:\Portable Softwares\sing-box-wincmd\service\core\sing-box.exe
2026-09-16T00:42:40.514 INFO  service - Started process sing-box (7156).
2026-09-16T00:42:40.536 INFO  service - Service started successfully.
2026-09-16T00:42:50.159 WARN  service - Child process 'sing-box (7156)' finished with code 1.
2026-09-16T00:43:20.666 DEBUG console - Starting WinSW in service mode.
2026-09-16T00:43:20.713 INFO  service - Starting C:\Portable Softwares\sing-box-wincmd\service\core\sing-box.exe
2026-09-16T00:43:20.762 INFO  service - Started process sing-box (24560).
2026-09-16T00:43:20.789 INFO  service - Service started successfully.
2026-09-16T00:43:30.418 WARN  service - Child process 'sing-box (24560)' finished with code 1.
2026-09-16T00:44:00.910 DEBUG console - Starting WinSW in service mode.
2026-09-16T00:44:00.958 INFO  service - Starting C:\Portable Softwares\sing-box-wincmd\service\core\sing-box.exe
2026-09-16T00:44:01.010 INFO  service - Started process sing-box (28560).
2026-09-16T00:44:01.034 INFO  service - Service started successfully.
2026-09-16T00:44:10.661 WARN  service - Child process 'sing-box (28560)' finished with code 1.
2026-09-16T00:44:41.163 DEBUG console - Starting WinSW in service mode.
2026-09-16T00:44:41.211 INFO  service - Starting C:\Portable Softwares\sing-box-wincmd\service\core\sing-box.exe
2026-09-16T00:44:41.262 INFO  service - Started process sing-box (17604).
2026-09-16T00:44:41.284 INFO  service - Service started successfully.
2026-09-16T00:44:50.908 WARN  service - Child process 'sing-box (17604)' finished with code 1.
2026-09-16T00:45:21.399 DEBUG console - Starting WinSW in service mode.
2026-09-16T00:45:21.446 INFO  service - Starting C:\Portable Softwares\sing-box-wincmd\service\core\sing-box.exe
2026-09-16T00:45:21.494 INFO  service - Started process sing-box (12116).
2026-09-16T00:45:21.519 INFO  service - Service started successfully.
2026-09-16T00:45:31.139 WARN  service - Child process 'sing-box (12116)' finished with code 1.
2026-09-16T00:46:01.621 DEBUG console - Starting WinSW in service mode.
2026-09-16T00:46:01.671 INFO  service - Starting C:\Portable Softwares\sing-box-wincmd\service\core\sing-box.exe
2026-09-16T00:46:01.722 INFO  service - Started process sing-box (9356).
2026-09-16T00:46:01.747 INFO  service - Service started successfully.
2026-09-16T00:46:11.375 WARN  service - Child process 'sing-box (9356)' finished with code 1.
2026-09-16T00:46:41.862 DEBUG console - Starting WinSW in service mode.
2026-09-16T00:46:41.910 INFO  service - Starting C:\Portable Softwares\sing-box-wincmd\service\core\sing-box.exe
2026-09-16T00:46:41.960 INFO  service - Started process sing-box (23224).
2026-09-16T00:46:41.984 INFO  service - Service started successfully.
2026-09-16T00:46:51.626 WARN  service - Child process 'sing-box (23224)' finished with code 1.
2026-09-16T00:47:22.108 DEBUG console - Starting WinSW in service mode.
2026-09-16T00:47:22.157 INFO  service - Starting C:\Portable Softwares\sing-box-wincmd\service\core\sing-box.exe
2026-09-16T00:47:22.210 INFO  service - Started process sing-box (3260).
2026-09-16T00:47:22.234 INFO  service - Service started successfully.
2026-09-16T00:47:31.875 WARN  service - Child process 'sing-box (3260)' finished with code 1.
2026-09-16T00:48:02.352 DEBUG console - Starting WinSW in service mode.
2026-09-16T00:48:02.400 INFO  service - Starting C:\Portable Softwares\sing-box-wincmd\service\core\sing-box.exe
2026-09-16T00:48:02.452 INFO  service - Started process sing-box (22360).
2026-09-16T00:48:02.477 INFO  service - Service started successfully.
2026-09-16T00:48:12.101 WARN  service - Child process 'sing-box (22360)' finished with code 1.
2026-09-16T00:48:42.580 DEBUG console - Starting WinSW in service mode.
2026-09-16T00:48:42.628 INFO  service - Starting C:\Portable Softwares\sing-box-wincmd\service\core\sing-box.exe
2026-09-16T00:48:42.679 INFO  service - Started process sing-box (27948).
2026-09-16T00:48:42.705 INFO  service - Service started successfully.
2026-09-16T00:48:52.336 WARN  service - Child process 'sing-box (27948)' finished with code 1.
2026-09-16T00:49:22.810 DEBUG console - Starting WinSW in service mode.
2026-09-16T00:49:22.860 INFO  service - Starting C:\Portable Softwares\sing-box-wincmd\service\core\sing-box.exe
2026-09-16T00:49:22.913 INFO  service - Started process sing-box (12116).
2026-09-16T00:49:22.937 INFO  service - Service started successfully.
2026-09-16T00:49:32.568 WARN  service - Child process 'sing-box (12116)' finished with code 1.
2026-09-16T00:50:03.076 DEBUG console - Starting WinSW in service mode.
2026-09-16T00:50:03.123 INFO  service - Starting C:\Portable Softwares\sing-box-wincmd\service\core\sing-box.exe
2026-09-16T00:50:03.173 INFO  service - Started process sing-box (18912).
2026-09-16T00:50:03.199 INFO  service - Service started successfully.
2026-09-16T00:50:12.825 WARN  service - Child process 'sing-box (18912)' finished with code 1.
2026-09-16T00:50:43.303 DEBUG console - Starting WinSW in service mode.
2026-09-16T00:50:43.351 INFO  service - Starting C:\Portable Softwares\sing-box-wincmd\service\core\sing-box.exe
2026-09-16T00:50:43.402 INFO  service - Started process sing-box (20452).
2026-09-16T00:50:43.425 INFO  service - Service started successfully.
2026-09-16T00:50:53.050 WARN  service - Child process 'sing-box (20452)' finished with code 1.
2026-09-16T00:51:23.544 DEBUG console - Starting WinSW in service mode.
2026-09-16T00:51:23.592 INFO  service - Starting C:\Portable Softwares\sing-box-wincmd\service\core\sing-box.exe
2026-09-16T00:51:23.642 INFO  service - Started process sing-box (27412).
2026-09-16T00:51:23.666 INFO  service - Service started successfully.
2026-09-16T00:51:33.291 WARN  service - Child process 'sing-box (27412)' finished with code 1.
2026-09-16T00:52:03.802 DEBUG console - Starting WinSW in service mode.
2026-09-16T00:52:03.851 INFO  service - Starting C:\Portable Softwares\sing-box-wincmd\service\core\sing-box.exe
2026-09-16T00:52:03.901 INFO  service - Started process sing-box (14636).
2026-09-16T00:52:03.925 INFO  service - Service started successfully.
2026-09-16T00:52:13.542 WARN  service - Child process 'sing-box (14636)' finished with code 1.
2026-09-16T00:52:44.051 DEBUG console - Starting WinSW in service mode.
2026-09-16T00:52:44.099 INFO  service - Starting C:\Portable Softwares\sing-box-wincmd\service\core\sing-box.exe
2026-09-16T00:52:44.148 INFO  service - Started process sing-box (26828).
2026-09-16T00:52:44.173 INFO  service - Service started successfully.
2026-09-16T00:52:53.801 WARN  service - Child process 'sing-box (26828)' finished with code 1.
2026-09-16T00:53:24.305 DEBUG console - Starting WinSW in service mode.
2026-09-16T00:53:24.354 INFO  service - Starting C:\Portable Softwares\sing-box-wincmd\service\core\sing-box.exe
2026-09-16T00:53:24.406 INFO  service - Started process sing-box (26228).
2026-09-16T00:53:24.430 INFO  service - Service started successfully.
2026-09-16T00:53:34.050 WARN  service - Child process 'sing-box (26228)' finished with code 1.
2026-09-16T00:54:04.558 DEBUG console - Starting WinSW in service mode.
2026-09-16T00:54:04.607 INFO  service - Starting C:\Portable Softwares\sing-box-wincmd\service\core\sing-box.exe
2026-09-16T00:54:04.656 INFO  service - Started process sing-box (17348).
2026-09-16T00:54:04.679 INFO  service - Service started successfully.
2026-09-16T00:54:14.299 WARN  service - Child process 'sing-box (17348)' finished with code 1.
2026-09-16T00:54:44.800 DEBUG console - Starting WinSW in service mode.
2026-09-16T00:54:44.850 INFO  service - Starting C:\Portable Softwares\sing-box-wincmd\service\core\sing-box.exe
2026-09-16T00:54:44.898 INFO  service - Started process sing-box (7928).
2026-09-16T00:54:44.921 INFO  service - Service started successfully.
2026-09-16T00:54:54.543 WARN  service - Child process 'sing-box (7928)' finished with code 1.
2026-09-16T00:55:25.054 DEBUG console - Starting WinSW in service mode.
2026-09-16T00:55:25.102 INFO  service - Starting C:\Portable Softwares\sing-box-wincmd\service\core\sing-box.exe
2026-09-16T00:55:25.151 INFO  service - Started process sing-box (14276).
2026-09-16T00:55:25.176 INFO  service - Service started successfully.
2026-09-16T00:55:34.791 WARN  service - Child process 'sing-box (14276)' finished with code 1.
2026-09-16T00:56:05.289 DEBUG console - Starting WinSW in service mode.
2026-09-16T00:56:05.337 INFO  service - Starting C:\Portable Softwares\sing-box-wincmd\service\core\sing-box.exe
2026-09-16T00:56:05.385 INFO  service - Started process sing-box (3768).
2026-09-16T00:56:05.409 INFO  service - Service started successfully.
2026-09-16T00:56:15.030 WARN  service - Child process 'sing-box (3768)' finished with code 1.
2026-09-16T00:56:45.509 DEBUG console - Starting WinSW in service mode.
2026-09-16T00:56:45.558 INFO  service - Starting C:\Portable Softwares\sing-box-wincmd\service\core\sing-box.exe
2026-09-16T00:56:45.611 INFO  service - Started process sing-box (17240).
2026-09-16T00:56:45.637 INFO  service - Service started successfully.
2026-09-16T00:56:55.270 WARN  service - Child process 'sing-box (17240)' finished with code 1.
2026-09-16T00:57:18.260 INFO  console - Stopping service 'sing-box (sing-box)'...
2026-09-16T00:57:18.287 INFO  console - Service 'sing-box (sing-box)' has already stopped.
2026-09-16T00:57:20.626 INFO  console - Uninstalling service 'sing-box (sing-box)'...
2026-09-16T00:57:20.659 INFO  console - Service 'sing-box (sing-box)' was uninstalled successfully.
2026-09-16T01:04:21.228 INFO  console - Installing service 'sing-box (sing-box)'...
2026-09-16T01:04:21.279 INFO  console - Service 'sing-box (sing-box)' was installed successfully.
2026-09-16T01:04:21.830 INFO  console - Starting service 'sing-box (sing-box)'...
2026-09-16T01:04:22.282 DEBUG console - Starting WinSW in service mode.
2026-09-16T01:04:22.332 INFO  service - Starting C:\Portable Softwares\sing-box-wincmd\service\core\sing-box.exe
2026-09-16T01:04:22.383 INFO  service - Started process sing-box (18884).
2026-09-16T01:04:22.406 INFO  service - Service started successfully.
2026-09-16T01:04:22.588 INFO  console - Service 'sing-box (sing-box)' started successfully.
2026-09-16T01:04:32.027 WARN  service - Child process 'sing-box (18884)' finished with code 1.
2026-09-16T01:04:42.508 DEBUG console - Starting WinSW in service mode.
2026-09-16T01:04:42.556 INFO  service - Starting C:\Portable Softwares\sing-box-wincmd\service\core\sing-box.exe
2026-09-16T01:04:42.605 INFO  service - Started process sing-box (27976).
2026-09-16T01:04:42.629 INFO  service - Service started successfully.
2026-09-16T01:04:52.250 WARN  service - Child process 'sing-box (27976)' finished with code 1.
2026-09-16T01:05:12.763 DEBUG console - Starting WinSW in service mode.
2026-09-16T01:05:12.811 INFO  service - Starting C:\Portable Softwares\sing-box-wincmd\service\core\sing-box.exe
2026-09-16T01:05:12.862 INFO  service - Started process sing-box (6512).
2026-09-16T01:05:12.887 INFO  service - Service started successfully.
2026-09-16T01:05:22.513 WARN  service - Child process 'sing-box (6512)' finished with code 1.
2026-09-16T01:05:53.030 DEBUG console - Starting WinSW in service mode.
2026-09-16T01:05:53.078 INFO  service - Starting C:\Portable Softwares\sing-box-wincmd\service\core\sing-box.exe
2026-09-16T01:05:53.127 INFO  service - Started process sing-box (27832).
2026-09-16T01:05:53.151 INFO  service - Service started successfully.
2026-09-16T01:06:02.767 WARN  service - Child process 'sing-box (27832)' finished with code 1.
2026-09-16T01:06:33.255 DEBUG console - Starting WinSW in service mode.
2026-09-16T01:06:33.305 INFO  service - Starting C:\Portable Softwares\sing-box-wincmd\service\core\sing-box.exe
2026-09-16T01:06:33.355 INFO  service - Started process sing-box (21376).
2026-09-16T01:06:33.380 INFO  service - Service started successfully.
2026-09-16T01:06:43.003 WARN  service - Child process 'sing-box (21376)' finished with code 1.
2026-09-16T01:07:13.518 DEBUG console - Starting WinSW in service mode.
2026-09-16T01:07:13.565 INFO  service - Starting C:\Portable Softwares\sing-box-wincmd\service\core\sing-box.exe
2026-09-16T01:07:13.614 INFO  service - Started process sing-box (13472).
2026-09-16T01:07:13.638 INFO  service - Service started successfully.
2026-09-16T01:07:23.259 WARN  service - Child process 'sing-box (13472)' finished with code 1.
2026-09-16T01:07:53.767 DEBUG console - Starting WinSW in service mode.
2026-09-16T01:07:53.816 INFO  service - Starting C:\Portable Softwares\sing-box-wincmd\service\core\sing-box.exe
2026-09-16T01:07:53.867 INFO  service - Started process sing-box (27840).
2026-09-16T01:07:53.890 INFO  service - Service started successfully.
2026-09-16T01:08:03.512 WARN  service - Child process 'sing-box (27840)' finished with code 1.
2026-09-16T01:08:34.010 DEBUG console - Starting WinSW in service mode.
2026-09-16T01:08:34.057 INFO  service - Starting C:\Portable Softwares\sing-box-wincmd\service\core\sing-box.exe
2026-09-16T01:08:34.106 INFO  service - Started process sing-box (20972).
2026-09-16T01:08:34.131 INFO  service - Service started successfully.
2026-09-16T01:08:43.756 WARN  service - Child process 'sing-box (20972)' finished with code 1.
2026-09-16T01:09:14.242 DEBUG console - Starting WinSW in service mode.
2026-09-16T01:09:14.292 INFO  service - Starting C:\Portable Softwares\sing-box-wincmd\service\core\sing-box.exe
2026-09-16T01:09:14.343 INFO  service - Started process sing-box (15248).
2026-09-16T01:09:14.367 INFO  service - Service started successfully.
2026-09-16T01:09:18.246 INFO  console - Stopping service 'sing-box (sing-box)'...
2026-09-16T01:09:18.270 INFO  service - Stopping sing-box
2026-09-16T01:09:18.272 DEBUG service - ProcessKill 15248
2026-09-16T01:09:23.988 INFO  service - Child process 'sing-box (15248)' canceled with code 1.
2026-09-16T01:09:24.008 INFO  service - Finished sing-box
2026-09-16T01:09:24.009 INFO  service - Service stopped successfully.
2026-09-16T01:09:24.064 INFO  console - Service 'sing-box (sing-box)' stopped successfully.
2026-09-16T01:09:26.606 INFO  console - Uninstalling service 'sing-box (sing-box)'...
2026-09-16T01:09:26.639 INFO  console - Service 'sing-box (sing-box)' was uninstalled successfully.
2026-09-16T01:09:34.409 INFO  console - Installing service 'sing-box (sing-box)'...
2026-09-16T01:09:34.458 INFO  console - Service 'sing-box (sing-box)' was installed successfully.
2026-09-16T01:09:35.012 INFO  console - Starting service 'sing-box (sing-box)'...
2026-09-16T01:09:35.466 DEBUG console - Starting WinSW in service mode.
2026-09-16T01:09:35.513 INFO  service - Starting C:\Portable Softwares\sing-box-wincmd\service\core\sing-box.exe
2026-09-16T01:09:35.562 INFO  service - Started process sing-box (27084).
2026-09-16T01:09:35.585 INFO  service - Service started successfully.
2026-09-16T01:09:35.769 INFO  console - Service 'sing-box (sing-box)' started successfully.
2026-09-16T01:09:42.819 INFO  console - Stopping service 'sing-box (sing-box)'...
2026-09-16T01:09:42.842 INFO  service - Stopping sing-box
2026-09-16T01:09:42.846 DEBUG service - ProcessKill 27084
2026-09-16T01:09:45.202 INFO  service - Child process 'sing-box (27084)' canceled with code 1.
2026-09-16T01:09:45.223 INFO  service - Finished sing-box
2026-09-16T01:09:45.223 INFO  service - Service stopped successfully.
2026-09-16T01:09:45.477 INFO  console - Service 'sing-box (sing-box)' stopped successfully.
2026-09-16T01:09:46.738 INFO  console - Starting service 'sing-box (sing-box)'...
2026-09-16T01:09:47.187 DEBUG console - Starting WinSW in service mode.
2026-09-16T01:09:47.234 INFO  service - Starting C:\Portable Softwares\sing-box-wincmd\service\core\sing-box.exe
2026-09-16T01:09:47.280 INFO  service - Started process sing-box (24444).
2026-09-16T01:09:47.304 INFO  service - Service started successfully.
2026-09-16T01:09:47.480 INFO  console - Service 'sing-box (sing-box)' started successfully.
2026-09-16T01:09:56.929 WARN  service - Child process 'sing-box (24444)' finished with code 1.
2026-09-16T01:10:06.898 INFO  console - Stopping service 'sing-box (sing-box)'...
2026-09-16T01:10:06.925 INFO  console - Service 'sing-box (sing-box)' has already stopped.
2026-09-16T01:10:07.396 DEBUG console - Starting WinSW in service mode.
2026-09-16T01:10:07.444 INFO  service - Starting C:\Portable Softwares\sing-box-wincmd\service\core\sing-box.exe
2026-09-16T01:10:07.495 INFO  service - Started process sing-box (12616).
2026-09-16T01:10:07.518 INFO  service - Service started successfully.
2026-09-16T01:10:08.590 INFO  console - Uninstalling service 'sing-box (sing-box)'...
2026-09-16T01:10:08.622 WARN  console - Service 'sing-box (sing-box)' is started. It may be impossible to uninstall it.
2026-09-16T01:10:08.623 INFO  console - Service 'sing-box (sing-box)' was uninstalled successfully.
2026-09-16T01:10:17.139 WARN  service - Child process 'sing-box (12616)' finished with code 1.
2026-09-16T01:35:48.330 INFO  console - Installing service 'sing-box (sing-box)'...
2026-09-16T01:35:48.379 INFO  console - Service 'sing-box (sing-box)' was installed successfully.
2026-09-16T01:35:48.951 INFO  console - Starting service 'sing-box (sing-box)'...
2026-09-16T01:35:49.404 DEBUG console - Starting WinSW in service mode.
2026-09-16T01:35:49.453 INFO  service - Starting C:\Portable Softwares\sing-box-wincmd\service\core\sing-box.exe
2026-09-16T01:35:49.505 INFO  service - Started process sing-box (15864).
2026-09-16T01:35:49.530 INFO  service - Service started successfully.
2026-09-16T01:35:49.694 INFO  console - Service 'sing-box (sing-box)' started successfully.
2026-09-16T01:35:57.336 INFO  console - Stopping service 'sing-box (sing-box)'...
2026-09-16T01:35:57.359 INFO  service - Stopping sing-box
2026-09-16T01:35:57.362 DEBUG service - ProcessKill 15864
2026-09-16T01:35:59.147 INFO  service - Child process 'sing-box (15864)' canceled with code 1.
2026-09-16T01:35:59.167 INFO  service - Finished sing-box
2026-09-16T01:35:59.168 INFO  service - Service stopped successfully.
2026-09-16T01:35:59.205 INFO  console - Service 'sing-box (sing-box)' stopped successfully.
2026-09-16T01:36:00.670 INFO  console - Starting service 'sing-box (sing-box)'...
2026-09-16T01:36:01.118 DEBUG console - Starting WinSW in service mode.
2026-09-16T01:36:01.168 INFO  service - Starting C:\Portable Softwares\sing-box-wincmd\service\core\sing-box.exe
2026-09-16T01:36:01.216 INFO  service - Started process sing-box (22060).
2026-09-16T01:36:01.239 INFO  service - Service started successfully.
2026-09-16T01:36:01.411 INFO  console - Service 'sing-box (sing-box)' started successfully.
2026-09-16T01:36:10.855 WARN  service - Child process 'sing-box (22060)' finished with code 1.
2026-09-16T01:36:21.328 DEBUG console - Starting WinSW in service mode.
2026-09-16T01:36:21.376 INFO  service - Starting C:\Portable Softwares\sing-box-wincmd\service\core\sing-box.exe
2026-09-16T01:36:21.419 INFO  service - Started process sing-box (22092).
2026-09-16T01:36:21.442 INFO  service - Service started successfully.
2026-09-16T01:36:31.061 WARN  service - Child process 'sing-box (22092)' finished with code 1.
2026-09-16T01:36:51.566 DEBUG console - Starting WinSW in service mode.
2026-09-16T01:36:51.615 INFO  service - Starting C:\Portable Softwares\sing-box-wincmd\service\core\sing-box.exe
2026-09-16T01:36:51.666 INFO  service - Started process sing-box (17660).
2026-09-16T01:36:51.689 INFO  service - Service started successfully.
2026-09-16T01:37:01.314 WARN  service - Child process 'sing-box (17660)' finished with code 1.
2026-09-16T01:37:31.801 DEBUG console - Starting WinSW in service mode.
2026-09-16T01:37:31.849 INFO  service - Starting C:\Portable Softwares\sing-box-wincmd\service\core\sing-box.exe
2026-09-16T01:37:31.900 INFO  service - Started process sing-box (17676).
2026-09-16T01:37:31.926 INFO  service - Service started successfully.
2026-09-16T01:37:41.549 WARN  service - Child process 'sing-box (17676)' finished with code 1.
2026-09-16T01:38:12.053 DEBUG console - Starting WinSW in service mode.
2026-09-16T01:38:12.103 INFO  service - Starting C:\Portable Softwares\sing-box-wincmd\service\core\sing-box.exe
2026-09-16T01:38:12.151 INFO  service - Started process sing-box (8936).
2026-09-16T01:38:12.175 INFO  service - Service started successfully.
2026-09-16T01:38:21.802 WARN  service - Child process 'sing-box (8936)' finished with code 1.
2026-09-16T01:38:52.297 DEBUG console - Starting WinSW in service mode.
2026-09-16T01:38:52.345 INFO  service - Starting C:\Portable Softwares\sing-box-wincmd\service\core\sing-box.exe
2026-09-16T01:38:52.397 INFO  service - Started process sing-box (22200).
2026-09-16T01:38:52.419 INFO  service - Service started successfully.
2026-09-16T01:39:02.035 WARN  service - Child process 'sing-box (22200)' finished with code 1.
2026-09-16T01:39:32.531 DEBUG console - Starting WinSW in service mode.
2026-09-16T01:39:32.580 INFO  service - Starting C:\Portable Softwares\sing-box-wincmd\service\core\sing-box.exe
2026-09-16T01:39:32.630 INFO  service - Started process sing-box (24800).
2026-09-16T01:39:32.653 INFO  service - Service started successfully.
2026-09-16T01:39:42.279 WARN  service - Child process 'sing-box (24800)' finished with code 1.
2026-09-16T01:40:12.777 DEBUG console - Starting WinSW in service mode.
2026-09-16T01:40:12.825 INFO  service - Starting C:\Portable Softwares\sing-box-wincmd\service\core\sing-box.exe
2026-09-16T01:40:12.876 INFO  service - Started process sing-box (20896).
2026-09-16T01:40:12.899 INFO  service - Service started successfully.
2026-09-16T01:40:22.522 WARN  service - Child process 'sing-box (20896)' finished with code 1.
2026-09-16T01:40:53.004 DEBUG console - Starting WinSW in service mode.
2026-09-16T01:40:53.053 INFO  service - Starting C:\Portable Softwares\sing-box-wincmd\service\core\sing-box.exe
2026-09-16T01:40:53.108 INFO  service - Started process sing-box (28036).
2026-09-16T01:40:53.131 INFO  service - Service started successfully.
2026-09-16T01:41:02.764 WARN  service - Child process 'sing-box (28036)' finished with code 1.
2026-09-16T01:41:33.271 DEBUG console - Starting WinSW in service mode.
2026-09-16T01:41:33.319 INFO  service - Starting C:\Portable Softwares\sing-box-wincmd\service\core\sing-box.exe
2026-09-16T01:41:33.371 INFO  service - Started process sing-box (18996).
2026-09-16T01:41:33.395 INFO  service - Service started successfully.
2026-09-16T01:41:43.024 WARN  service - Child process 'sing-box (18996)' finished with code 1.
2026-09-16T01:42:13.535 DEBUG console - Starting WinSW in service mode.
2026-09-16T01:42:13.584 INFO  service - Starting C:\Portable Softwares\sing-box-wincmd\service\core\sing-box.exe
2026-09-16T01:42:13.634 INFO  service - Started process sing-box (14056).
2026-09-16T01:42:13.657 INFO  service - Service started successfully.
2026-09-16T01:42:23.283 WARN  service - Child process 'sing-box (14056)' finished with code 1.
2026-09-16T01:42:53.819 DEBUG console - Starting WinSW in service mode.
2026-09-16T01:42:53.866 INFO  service - Starting C:\Portable Softwares\sing-box-wincmd\service\core\sing-box.exe
2026-09-16T01:42:53.917 INFO  service - Started process sing-box (16392).
2026-09-16T01:42:53.939 INFO  service - Service started successfully.
2026-09-16T01:43:03.565 WARN  service - Child process 'sing-box (16392)' finished with code 1.
2026-09-16T01:43:34.067 DEBUG console - Starting WinSW in service mode.
2026-09-16T01:43:34.115 INFO  service - Starting C:\Portable Softwares\sing-box-wincmd\service\core\sing-box.exe
2026-09-16T01:43:34.166 INFO  service - Started process sing-box (16528).
2026-09-16T01:43:34.189 INFO  service - Service started successfully.
2026-09-16T01:43:43.819 WARN  service - Child process 'sing-box (16528)' finished with code 1.
2026-09-16T01:44:14.308 DEBUG console - Starting WinSW in service mode.
2026-09-16T01:44:14.356 INFO  service - Starting C:\Portable Softwares\sing-box-wincmd\service\core\sing-box.exe
2026-09-16T01:44:14.406 INFO  service - Started process sing-box (26376).
2026-09-16T01:44:14.430 INFO  service - Service started successfully.
2026-09-16T01:44:24.049 WARN  service - Child process 'sing-box (26376)' finished with code 1.
2026-09-16T01:44:54.527 DEBUG console - Starting WinSW in service mode.
2026-09-16T01:44:54.576 INFO  service - Starting C:\Portable Softwares\sing-box-wincmd\service\core\sing-box.exe
2026-09-16T01:44:54.631 INFO  service - Started process sing-box (28128).
2026-09-16T01:44:54.657 INFO  service - Service started successfully.
2026-09-16T01:45:04.281 WARN  service - Child process 'sing-box (28128)' finished with code 1.
2026-09-16T01:45:34.767 DEBUG console - Starting WinSW in service mode.
2026-09-16T01:45:34.818 INFO  service - Starting C:\Portable Softwares\sing-box-wincmd\service\core\sing-box.exe
2026-09-16T01:45:34.870 INFO  service - Started process sing-box (16240).
2026-09-16T01:45:34.894 INFO  service - Service started successfully.
2026-09-16T01:45:44.523 WARN  service - Child process 'sing-box (16240)' finished with code 1.
2026-09-16T01:46:15.014 DEBUG console - Starting WinSW in service mode.
2026-09-16T01:46:15.065 INFO  service - Starting C:\Portable Softwares\sing-box-wincmd\service\core\sing-box.exe
2026-09-16T01:46:15.121 INFO  service - Started process sing-box (28524).
2026-09-16T01:46:15.146 INFO  service - Service started successfully.
2026-09-16T01:46:24.780 WARN  service - Child process 'sing-box (28524)' finished with code 1.
2026-09-16T01:46:55.280 DEBUG console - Starting WinSW in service mode.
2026-09-16T01:46:55.333 INFO  service - Starting C:\Portable Softwares\sing-box-wincmd\service\core\sing-box.exe
2026-09-16T01:46:55.391 INFO  service - Started process sing-box (20772).
2026-09-16T01:46:55.417 INFO  service - Service started successfully.
2026-09-16T01:47:05.050 WARN  service - Child process 'sing-box (20772)' finished with code 1.
2026-09-16T01:47:35.570 DEBUG console - Starting WinSW in service mode.
2026-09-16T01:47:35.622 INFO  service - Starting C:\Portable Softwares\sing-box-wincmd\service\core\sing-box.exe
2026-09-16T01:47:35.678 INFO  service - Started process sing-box (18912).
2026-09-16T01:47:35.705 INFO  service - Service started successfully.
2026-09-16T01:47:45.337 WARN  service - Child process 'sing-box (18912)' finished with code 1.
2026-09-16T01:48:15.840 DEBUG console - Starting WinSW in service mode.
2026-09-16T01:48:15.890 INFO  service - Starting C:\Portable Softwares\sing-box-wincmd\service\core\sing-box.exe
2026-09-16T01:48:15.942 INFO  service - Started process sing-box (23600).
2026-09-16T01:48:15.965 INFO  service - Service started successfully.
2026-09-16T01:48:25.602 WARN  service - Child process 'sing-box (23600)' finished with code 1.
2026-09-16T01:48:56.095 DEBUG console - Starting WinSW in service mode.
2026-09-16T01:48:56.145 INFO  service - Starting C:\Portable Softwares\sing-box-wincmd\service\core\sing-box.exe
2026-09-16T01:48:56.188 INFO  service - Started process sing-box (14648).
2026-09-16T01:48:56.212 INFO  service - Service started successfully.
2026-09-16T01:49:05.837 WARN  service - Child process 'sing-box (14648)' finished with code 1.
2026-09-16T01:49:36.320 DEBUG console - Starting WinSW in service mode.
2026-09-16T01:49:36.371 INFO  service - Starting C:\Portable Softwares\sing-box-wincmd\service\core\sing-box.exe
2026-09-16T01:49:36.423 INFO  service - Started process sing-box (25660).
2026-09-16T01:49:36.448 INFO  service - Service started successfully.
2026-09-16T01:49:46.080 WARN  service - Child process 'sing-box (25660)' finished with code 1.
2026-09-16T01:50:16.579 DEBUG console - Starting WinSW in service mode.
2026-09-16T01:50:16.630 INFO  service - Starting C:\Portable Softwares\sing-box-wincmd\service\core\sing-box.exe
2026-09-16T01:50:16.686 INFO  service - Started process sing-box (27420).
2026-09-16T01:50:16.711 INFO  service - Service started successfully.
2026-09-16T01:50:26.346 WARN  service - Child process 'sing-box (27420)' finished with code 1.
2026-09-16T01:50:56.845 DEBUG console - Starting WinSW in service mode.
2026-09-16T01:50:56.894 INFO  service - Starting C:\Portable Softwares\sing-box-wincmd\service\core\sing-box.exe
2026-09-16T01:50:56.950 INFO  service - Started process sing-box (9892).
2026-09-16T01:50:56.974 INFO  service - Service started successfully.
2026-09-16T01:51:06.606 WARN  service - Child process 'sing-box (9892)' finished with code 1.
2026-09-16T01:51:37.087 DEBUG console - Starting WinSW in service mode.
2026-09-16T01:51:37.136 INFO  service - Starting C:\Portable Softwares\sing-box-wincmd\service\core\sing-box.exe
2026-09-16T01:51:37.190 INFO  service - Started process sing-box (15884).
2026-09-16T01:51:37.215 INFO  service - Service started successfully.
2026-09-16T01:51:46.844 WARN  service - Child process 'sing-box (15884)' finished with code 1.
2026-09-16T01:52:17.334 DEBUG console - Starting WinSW in service mode.
2026-09-16T01:52:17.385 INFO  service - Starting C:\Portable Softwares\sing-box-wincmd\service\core\sing-box.exe
2026-09-16T01:52:17.438 INFO  service - Started process sing-box (10572).
2026-09-16T01:52:17.463 INFO  service - Service started successfully.
2026-09-16T01:52:27.091 WARN  service - Child process 'sing-box (10572)' finished with code 1.
2026-09-16T01:52:57.580 DEBUG console - Starting WinSW in service mode.
2026-09-16T01:52:57.630 INFO  service - Starting C:\Portable Softwares\sing-box-wincmd\service\core\sing-box.exe
2026-09-16T01:52:57.685 INFO  service - Started process sing-box (9208).
2026-09-16T01:52:57.709 INFO  service - Service started successfully.
2026-09-16T01:53:07.344 WARN  service - Child process 'sing-box (9208)' finished with code 1.
2026-09-16T01:53:37.848 DEBUG console - Starting WinSW in service mode.
2026-09-16T01:53:37.899 INFO  service - Starting C:\Portable Softwares\sing-box-wincmd\service\core\sing-box.exe
2026-09-16T01:53:37.952 INFO  service - Started process sing-box (23384).
2026-09-16T01:53:37.977 INFO  service - Service started successfully.
2026-09-16T01:53:47.607 WARN  service - Child process 'sing-box (23384)' finished with code 1.
2026-09-16T01:54:18.090 DEBUG console - Starting WinSW in service mode.
2026-09-16T01:54:18.140 INFO  service - Starting C:\Portable Softwares\sing-box-wincmd\service\core\sing-box.exe
2026-09-16T01:54:18.193 INFO  service - Started process sing-box (17360).
2026-09-16T01:54:18.217 INFO  service - Service started successfully.
2026-09-16T01:54:27.845 WARN  service - Child process 'sing-box (17360)' finished with code 1.
2026-09-16T01:54:58.334 DEBUG console - Starting WinSW in service mode.
2026-09-16T01:54:58.385 INFO  service - Starting C:\Portable Softwares\sing-box-wincmd\service\core\sing-box.exe
2026-09-16T01:54:58.436 INFO  service - Started process sing-box (4740).
2026-09-16T01:54:58.459 INFO  service - Service started successfully.
2026-09-16T01:55:08.089 WARN  service - Child process 'sing-box (4740)' finished with code 1.
2026-09-16T01:55:38.589 DEBUG console - Starting WinSW in service mode.
2026-09-16T01:55:38.640 INFO  service - Starting C:\Portable Softwares\sing-box-wincmd\service\core\sing-box.exe
2026-09-16T01:55:38.694 INFO  service - Started process sing-box (20444).
2026-09-16T01:55:38.719 INFO  service - Service started successfully.
2026-09-16T01:55:48.351 WARN  service - Child process 'sing-box (20444)' finished with code 1.
2026-09-16T01:56:18.877 DEBUG console - Starting WinSW in service mode.
2026-09-16T01:56:18.930 INFO  service - Starting C:\Portable Softwares\sing-box-wincmd\service\core\sing-box.exe
2026-09-16T01:56:18.995 INFO  service - Started process sing-box (27456).
2026-09-16T01:56:19.023 INFO  service - Service started successfully.
2026-09-16T01:56:28.666 WARN  service - Child process 'sing-box (27456)' finished with code 1.
2026-09-16T01:56:59.195 DEBUG console - Starting WinSW in service mode.
2026-09-16T01:56:59.247 INFO  service - Starting C:\Portable Softwares\sing-box-wincmd\service\core\sing-box.exe
2026-09-16T01:56:59.304 INFO  service - Started process sing-box (20156).
2026-09-16T01:56:59.330 INFO  service - Service started successfully.
2026-09-16T01:57:08.970 WARN  service - Child process 'sing-box (20156)' finished with code 1.
2026-09-16T01:57:39.459 DEBUG console - Starting WinSW in service mode.
2026-09-16T01:57:39.509 INFO  service - Starting C:\Portable Softwares\sing-box-wincmd\service\core\sing-box.exe
2026-09-16T01:57:39.563 INFO  service - Started process sing-box (18652).
2026-09-16T01:57:39.586 INFO  service - Service started successfully.
2026-09-16T01:57:49.230 WARN  service - Child process 'sing-box (18652)' finished with code 1.
2026-09-16T01:58:19.736 DEBUG console - Starting WinSW in service mode.
2026-09-16T01:58:19.786 INFO  service - Starting C:\Portable Softwares\sing-box-wincmd\service\core\sing-box.exe
2026-09-16T01:58:19.837 INFO  service - Started process sing-box (9488).
2026-09-16T01:58:19.862 INFO  service - Service started successfully.
2026-09-16T01:58:29.504 WARN  service - Child process 'sing-box (9488)' finished with code 1.
2026-09-16T01:59:00.004 DEBUG console - Starting WinSW in service mode.
2026-09-16T01:59:00.055 INFO  service - Starting C:\Portable Softwares\sing-box-wincmd\service\core\sing-box.exe
2026-09-16T01:59:00.109 INFO  service - Started process sing-box (14088).
2026-09-16T01:59:00.134 INFO  service - Service started successfully.
2026-09-16T01:59:09.778 WARN  service - Child process 'sing-box (14088)' finished with code 1.
2026-09-16T01:59:40.264 DEBUG console - Starting WinSW in service mode.
2026-09-16T01:59:40.313 INFO  service - Starting C:\Portable Softwares\sing-box-wincmd\service\core\sing-box.exe
2026-09-16T01:59:40.362 INFO  service - Started process sing-box (27692).
2026-09-16T01:59:40.387 INFO  service - Service started successfully.
2026-09-16T01:59:50.010 WARN  service - Child process 'sing-box (27692)' finished with code 1.
2026-09-16T02:00:20.513 DEBUG console - Starting WinSW in service mode.
2026-09-16T02:00:20.561 INFO  service - Starting C:\Portable Softwares\sing-box-wincmd\service\core\sing-box.exe
2026-09-16T02:00:20.613 INFO  service - Started process sing-box (18880).
2026-09-16T02:00:20.637 INFO  service - Service started successfully.
2026-09-16T02:00:30.274 WARN  service - Child process 'sing-box (18880)' finished with code 1.
2026-09-16T02:01:00.792 DEBUG console - Starting WinSW in service mode.
2026-09-16T02:01:00.841 INFO  service - Starting C:\Portable Softwares\sing-box-wincmd\service\core\sing-box.exe
2026-09-16T02:01:00.888 INFO  service - Started process sing-box (1076).
2026-09-16T02:01:00.914 INFO  service - Service started successfully.
2026-09-16T02:01:10.546 WARN  service - Child process 'sing-box (1076)' finished with code 1.
2026-09-16T02:01:41.059 DEBUG console - Starting WinSW in service mode.
2026-09-16T02:01:41.107 INFO  service - Starting C:\Portable Softwares\sing-box-wincmd\service\core\sing-box.exe
2026-09-16T02:01:41.156 INFO  service - Started process sing-box (21036).
2026-09-16T02:01:41.181 INFO  service - Service started successfully.
2026-09-16T02:01:50.804 WARN  service - Child process 'sing-box (21036)' finished with code 1.
2026-09-16T02:02:21.303 DEBUG console - Starting WinSW in service mode.
2026-09-16T02:02:21.352 INFO  service - Starting C:\Portable Softwares\sing-box-wincmd\service\core\sing-box.exe
2026-09-16T02:02:21.403 INFO  service - Started process sing-box (26948).
2026-09-16T02:02:21.426 INFO  service - Service started successfully.
2026-09-16T02:02:31.051 WARN  service - Child process 'sing-box (26948)' finished with code 1.
2026-09-16T02:03:01.546 DEBUG console - Starting WinSW in service mode.
2026-09-16T02:03:01.594 INFO  service - Starting C:\Portable Softwares\sing-box-wincmd\service\core\sing-box.exe
2026-09-16T02:03:01.644 INFO  service - Started process sing-box (23300).
2026-09-16T02:03:01.667 INFO  service - Service started successfully.
2026-09-16T02:03:11.289 WARN  service - Child process 'sing-box (23300)' finished with code 1.
2026-09-16T02:03:41.779 DEBUG console - Starting WinSW in service mode.
2026-09-16T02:03:41.828 INFO  service - Starting C:\Portable Softwares\sing-box-wincmd\service\core\sing-box.exe
2026-09-16T02:03:41.876 INFO  service - Started process sing-box (26828).
2026-09-16T02:03:41.899 INFO  service - Service started successfully.
2026-09-16T02:03:51.526 WARN  service - Child process 'sing-box (26828)' finished with code 1.
2026-09-16T02:04:22.046 DEBUG console - Starting WinSW in service mode.
2026-09-16T02:04:22.094 INFO  service - Starting C:\Portable Softwares\sing-box-wincmd\service\core\sing-box.exe
2026-09-16T02:04:22.143 INFO  service - Started process sing-box (15288).
2026-09-16T02:04:22.167 INFO  service - Service started successfully.
2026-09-16T02:04:31.791 WARN  service - Child process 'sing-box (15288)' finished with code 1.
2026-09-16T02:05:02.279 DEBUG console - Starting WinSW in service mode.
2026-09-16T02:05:02.327 INFO  service - Starting C:\Portable Softwares\sing-box-wincmd\service\core\sing-box.exe
2026-09-16T02:05:02.379 INFO  service - Started process sing-box (7240).
2026-09-16T02:05:02.403 INFO  service - Service started successfully.
2026-09-16T02:05:12.028 WARN  service - Child process 'sing-box (7240)' finished with code 1.
2026-09-16T02:05:42.506 DEBUG console - Starting WinSW in service mode.
2026-09-16T02:05:42.555 INFO  service - Starting C:\Portable Softwares\sing-box-wincmd\service\core\sing-box.exe
2026-09-16T02:05:42.607 INFO  service - Started process sing-box (13024).
2026-09-16T02:05:42.630 INFO  service - Service started successfully.
2026-09-16T02:05:52.264 WARN  service - Child process 'sing-box (13024)' finished with code 1.
2026-09-16T02:06:22.749 DEBUG console - Starting WinSW in service mode.
2026-09-16T02:06:22.797 INFO  service - Starting C:\Portable Softwares\sing-box-wincmd\service\core\sing-box.exe
2026-09-16T02:06:22.848 INFO  service - Started process sing-box (26348).
2026-09-16T02:06:22.872 INFO  service - Service started successfully.
2026-09-16T02:06:32.507 WARN  service - Child process 'sing-box (26348)' finished with code 1.
2026-09-16T02:07:03.024 DEBUG console - Starting WinSW in service mode.
2026-09-16T02:07:03.072 INFO  service - Starting C:\Portable Softwares\sing-box-wincmd\service\core\sing-box.exe
2026-09-16T02:07:03.121 INFO  service - Started process sing-box (20604).
2026-09-16T02:07:03.145 INFO  service - Service started successfully.
2026-09-16T02:07:12.768 WARN  service - Child process 'sing-box (20604)' finished with code 1.
2026-09-16T02:07:43.293 DEBUG console - Starting WinSW in service mode.
2026-09-16T02:07:43.344 INFO  service - Starting C:\Portable Softwares\sing-box-wincmd\service\core\sing-box.exe
2026-09-16T02:07:43.394 INFO  service - Started process sing-box (14108).
2026-09-16T02:07:43.418 INFO  service - Service started successfully.
2026-09-16T02:07:53.046 WARN  service - Child process 'sing-box (14108)' finished with code 1.
2026-09-16T02:08:23.560 DEBUG console - Starting WinSW in service mode.
2026-09-16T02:08:23.608 INFO  service - Starting C:\Portable Softwares\sing-box-wincmd\service\core\sing-box.exe
2026-09-16T02:08:23.658 INFO  service - Started process sing-box (3500).
2026-09-16T02:08:23.681 INFO  service - Service started successfully.
2026-09-16T02:08:33.305 WARN  service - Child process 'sing-box (3500)' finished with code 1.
2026-09-16T02:09:03.808 DEBUG console - Starting WinSW in service mode.
2026-09-16T02:09:03.855 INFO  service - Starting C:\Portable Softwares\sing-box-wincmd\service\core\sing-box.exe
2026-09-16T02:09:03.906 INFO  service - Started process sing-box (6852).
2026-09-16T02:09:03.930 INFO  service - Service started successfully.
2026-09-16T02:09:13.556 WARN  service - Child process 'sing-box (6852)' finished with code 1.
2026-09-16T02:09:44.039 DEBUG console - Starting WinSW in service mode.
2026-09-16T02:09:44.091 INFO  service - Starting C:\Portable Softwares\sing-box-wincmd\service\core\sing-box.exe
2026-09-16T02:09:44.145 INFO  service - Started process sing-box (22780).
2026-09-16T02:09:44.170 INFO  service - Service started successfully.
2026-09-16T02:09:53.792 WARN  service - Child process 'sing-box (22780)' finished with code 1.
2026-09-16T02:10:08.819 INFO  console - Stopping service 'sing-box (sing-box)'...
2026-09-16T02:10:08.847 INFO  console - Service 'sing-box (sing-box)' has already stopped.
2026-09-16T02:10:10.641 INFO  console - Uninstalling service 'sing-box (sing-box)'...
2026-09-16T02:10:10.674 INFO  console - Service 'sing-box (sing-box)' was uninstalled successfully.
2026-09-16T02:10:13.816 INFO  console - Installing service 'sing-box (sing-box)'...
2026-09-16T02:10:13.865 INFO  console - Service 'sing-box (sing-box)' was installed successfully.
2026-09-16T02:10:14.381 INFO  console - Stopping service 'sing-box (sing-box)'...
2026-09-16T02:10:14.408 INFO  console - Service 'sing-box (sing-box)' has already stopped.
2026-09-16T02:10:15.702 INFO  console - Starting service 'sing-box (sing-box)'...
2026-09-16T02:10:16.147 DEBUG console - Starting WinSW in service mode.
2026-09-16T02:10:16.195 INFO  service - Starting C:\Portable Softwares\sing-box-wincmd\service\core\sing-box.exe
2026-09-16T02:10:16.242 INFO  service - Started process sing-box (17968).
2026-09-16T02:10:16.267 INFO  service - Service started successfully.
2026-09-16T02:10:16.444 INFO  console - Service 'sing-box (sing-box)' started successfully.
2026-09-16T02:10:25.889 WARN  service - Child process 'sing-box (17968)' finished with code 1.
2026-09-16T02:10:25.964 INFO  console - Stopping service 'sing-box (sing-box)'...
2026-09-16T02:10:25.991 INFO  console - Service 'sing-box (sing-box)' has already stopped.
2026-09-16T02:10:27.748 INFO  console - Starting service 'sing-box (sing-box)'...
2026-09-16T02:10:28.195 DEBUG console - Starting WinSW in service mode.
2026-09-16T02:10:28.244 INFO  service - Starting C:\Portable Softwares\sing-box-wincmd\service\core\sing-box.exe
2026-09-16T02:10:28.296 INFO  service - Started process sing-box (3340).
2026-09-16T02:10:28.320 INFO  service - Service started successfully.
2026-09-16T02:10:28.486 INFO  console - Service 'sing-box (sing-box)' started successfully.
2026-09-16T02:10:37.946 WARN  service - Child process 'sing-box (3340)' finished with code 1.
2026-09-16T02:10:43.005 INFO  console - Stopping service 'sing-box (sing-box)'...
2026-09-16T02:10:43.033 INFO  console - Service 'sing-box (sing-box)' has already stopped.
2026-09-16T02:10:44.675 INFO  console - Starting service 'sing-box (sing-box)'...
2026-09-16T02:10:45.131 DEBUG console - Starting WinSW in service mode.
2026-09-16T02:10:45.180 INFO  service - Starting C:\Portable Softwares\sing-box-wincmd\service\core\sing-box.exe
2026-09-16T02:10:45.231 INFO  service - Started process sing-box (13476).
2026-09-16T02:10:45.256 INFO  service - Service started successfully.
2026-09-16T02:10:45.434 INFO  console - Service 'sing-box (sing-box)' started successfully.
2026-09-16T02:10:54.880 WARN  service - Child process 'sing-box (13476)' finished with code 1.
2026-09-16T02:10:58.424 DEBUG console - Starting WinSW in service mode.
2026-09-16T02:10:58.473 INFO  service - Starting C:\Portable Softwares\sing-box-wincmd\service\core\sing-box.exe
2026-09-16T02:10:58.517 INFO  service - Started process sing-box (26288).
2026-09-16T02:10:58.539 INFO  service - Service started successfully.
2026-09-16T02:11:08.160 WARN  service - Child process 'sing-box (26288)' finished with code 1.
2026-09-16T02:11:25.380 DEBUG console - Starting WinSW in service mode.
2026-09-16T02:11:25.428 INFO  service - Starting C:\Portable Softwares\sing-box-wincmd\service\core\sing-box.exe
2026-09-16T02:11:25.482 INFO  service - Started process sing-box (20936).
2026-09-16T02:11:25.506 INFO  service - Service started successfully.
2026-09-16T02:11:35.131 WARN  service - Child process 'sing-box (20936)' finished with code 1.
2026-09-16T02:11:38.662 DEBUG console - Starting WinSW in service mode.
2026-09-16T02:11:38.711 INFO  service - Starting C:\Portable Softwares\sing-box-wincmd\service\core\sing-box.exe
2026-09-16T02:11:38.761 INFO  service - Started process sing-box (22372).
2026-09-16T02:11:38.786 INFO  service - Service started successfully.
2026-09-16T02:11:48.407 WARN  service - Child process 'sing-box (22372)' finished with code 1.
2026-09-16T02:12:05.640 DEBUG console - Starting WinSW in service mode.
2026-09-16T02:12:05.689 INFO  service - Starting C:\Portable Softwares\sing-box-wincmd\service\core\sing-box.exe
2026-09-16T02:12:05.739 INFO  service - Started process sing-box (3744).
2026-09-16T02:12:05.764 INFO  service - Service started successfully.
2026-09-16T02:12:15.382 WARN  service - Child process 'sing-box (3744)' finished with code 1.
2026-09-16T02:12:18.912 DEBUG console - Starting WinSW in service mode.
2026-09-16T02:12:18.962 INFO  service - Starting C:\Portable Softwares\sing-box-wincmd\service\core\sing-box.exe
2026-09-16T02:12:19.013 INFO  service - Started process sing-box (9840).
2026-09-16T02:12:19.039 INFO  service - Service started successfully.
2026-09-16T02:12:28.670 WARN  service - Child process 'sing-box (9840)' finished with code 1.
2026-09-16T02:12:45.887 DEBUG console - Starting WinSW in service mode.
2026-09-16T02:12:45.936 INFO  service - Starting C:\Portable Softwares\sing-box-wincmd\service\core\sing-box.exe
2026-09-16T02:12:45.987 INFO  service - Started process sing-box (15724).
2026-09-16T02:12:46.010 INFO  service - Service started successfully.
2026-09-16T02:12:55.639 WARN  service - Child process 'sing-box (15724)' finished with code 1.
2026-09-16T02:12:59.182 DEBUG console - Starting WinSW in service mode.
2026-09-16T02:12:59.232 INFO  service - Starting C:\Portable Softwares\sing-box-wincmd\service\core\sing-box.exe
2026-09-16T02:12:59.284 INFO  service - Started process sing-box (7604).
2026-09-16T02:12:59.307 INFO  service - Service started successfully.
2026-09-16T02:13:08.927 WARN  service - Child process 'sing-box (7604)' finished with code 1.
2026-09-16T02:13:26.130 DEBUG console - Starting WinSW in service mode.
2026-09-16T02:13:26.178 INFO  service - Starting C:\Portable Softwares\sing-box-wincmd\service\core\sing-box.exe
2026-09-16T02:13:26.227 INFO  service - Started process sing-box (20044).
2026-09-16T02:13:26.250 INFO  service - Service started successfully.
2026-09-16T02:13:35.871 WARN  service - Child process 'sing-box (20044)' finished with code 1.
2026-09-16T02:13:39.399 DEBUG console - Starting WinSW in service mode.
2026-09-16T02:13:39.448 INFO  service - Starting C:\Portable Softwares\sing-box-wincmd\service\core\sing-box.exe
2026-09-16T02:13:39.499 INFO  service - Started process sing-box (2368).
2026-09-16T02:13:39.522 INFO  service - Service started successfully.
2026-09-16T02:13:49.141 WARN  service - Child process 'sing-box (2368)' finished with code 1.
2026-09-16T02:14:06.357 DEBUG console - Starting WinSW in service mode.
2026-09-16T02:14:06.406 INFO  service - Starting C:\Portable Softwares\sing-box-wincmd\service\core\sing-box.exe
2026-09-16T02:14:06.456 INFO  service - Started process sing-box (13488).
2026-09-16T02:14:06.479 INFO  service - Service started successfully.
2026-09-16T02:14:16.103 WARN  service - Child process 'sing-box (13488)' finished with code 1.
2026-09-16T02:14:19.651 DEBUG console - Starting WinSW in service mode.
2026-09-16T02:14:19.698 INFO  service - Starting C:\Portable Softwares\sing-box-wincmd\service\core\sing-box.exe
2026-09-16T02:14:19.746 INFO  service - Started process sing-box (24776).
2026-09-16T02:14:19.769 INFO  service - Service started successfully.
2026-09-16T02:14:29.388 WARN  service - Child process 'sing-box (24776)' finished with code 1.
2026-09-16T02:14:46.625 DEBUG console - Starting WinSW in service mode.
2026-09-16T02:14:46.676 INFO  service - Starting C:\Portable Softwares\sing-box-wincmd\service\core\sing-box.exe
2026-09-16T02:14:46.727 INFO  service - Started process sing-box (23976).
2026-09-16T02:14:46.751 INFO  service - Service started successfully.
2026-09-16T02:14:56.384 WARN  service - Child process 'sing-box (23976)' finished with code 1.
2026-09-16T02:14:59.889 DEBUG console - Starting WinSW in service mode.
2026-09-16T02:14:59.937 INFO  service - Starting C:\Portable Softwares\sing-box-wincmd\service\core\sing-box.exe
2026-09-16T02:14:59.989 INFO  service - Started process sing-box (20056).
2026-09-16T02:15:00.012 INFO  service - Service started successfully.
2026-09-16T02:15:09.633 WARN  service - Child process 'sing-box (20056)' finished with code 1.
2026-09-16T02:15:26.899 DEBUG console - Starting WinSW in service mode.
2026-09-16T02:15:26.948 INFO  service - Starting C:\Portable Softwares\sing-box-wincmd\service\core\sing-box.exe
2026-09-16T02:15:26.996 INFO  service - Started process sing-box (15996).
2026-09-16T02:15:27.020 INFO  service - Service started successfully.
2026-09-16T02:15:36.634 WARN  service - Child process 'sing-box (15996)' finished with code 1.
2026-09-16T02:15:40.122 DEBUG console - Starting WinSW in service mode.
2026-09-16T02:15:40.171 INFO  service - Starting C:\Portable Softwares\sing-box-wincmd\service\core\sing-box.exe
2026-09-16T02:15:40.225 INFO  service - Started process sing-box (18584).
2026-09-16T02:15:40.248 INFO  service - Service started successfully.
2026-09-16T02:15:49.869 WARN  service - Child process 'sing-box (18584)' finished with code 1.
2026-09-16T02:16:07.118 DEBUG console - Starting WinSW in service mode.
2026-09-16T02:16:07.166 INFO  service - Starting C:\Portable Softwares\sing-box-wincmd\service\core\sing-box.exe
2026-09-16T02:16:07.218 INFO  service - Started process sing-box (11908).
2026-09-16T02:16:07.241 INFO  service - Service started successfully.
2026-09-16T02:16:16.861 WARN  service - Child process 'sing-box (11908)' finished with code 1.
2026-09-16T02:16:20.346 DEBUG console - Starting WinSW in service mode.
2026-09-16T02:16:20.395 INFO  service - Starting C:\Portable Softwares\sing-box-wincmd\service\core\sing-box.exe
2026-09-16T02:16:20.448 INFO  service - Started process sing-box (20736).
2026-09-16T02:16:20.471 INFO  service - Service started successfully.
2026-09-16T02:16:30.092 WARN  service - Child process 'sing-box (20736)' finished with code 1.
2026-09-16T02:16:47.360 DEBUG console - Starting WinSW in service mode.
2026-09-16T02:16:47.407 INFO  service - Starting C:\Portable Softwares\sing-box-wincmd\service\core\sing-box.exe
2026-09-16T02:16:47.458 INFO  service - Started process sing-box (15288).
2026-09-16T02:16:47.481 INFO  service - Service started successfully.
2026-09-16T02:16:57.104 WARN  service - Child process 'sing-box (15288)' finished with code 1.
2026-09-16T02:17:00.565 DEBUG console - Starting WinSW in service mode.
2026-09-16T02:17:00.613 INFO  service - Starting C:\Portable Softwares\sing-box-wincmd\service\core\sing-box.exe
2026-09-16T02:17:00.664 INFO  service - Started process sing-box (12100).
2026-09-16T02:17:00.687 INFO  service - Service started successfully.
2026-09-16T02:17:10.307 WARN  service - Child process 'sing-box (12100)' finished with code 1.
2026-09-16T02:17:27.577 DEBUG console - Starting WinSW in service mode.
2026-09-16T02:17:27.625 INFO  service - Starting C:\Portable Softwares\sing-box-wincmd\service\core\sing-box.exe
2026-09-16T02:17:27.674 INFO  service - Started process sing-box (3420).
2026-09-16T02:17:27.697 INFO  service - Service started successfully.
2026-09-16T02:17:37.323 WARN  service - Child process 'sing-box (3420)' finished with code 1.
2026-09-16T02:17:40.780 DEBUG console - Starting WinSW in service mode.
2026-09-16T02:17:40.828 INFO  service - Starting C:\Portable Softwares\sing-box-wincmd\service\core\sing-box.exe
2026-09-16T02:17:40.879 INFO  service - Started process sing-box (27204).
2026-09-16T02:17:40.902 INFO  service - Service started successfully.
2026-09-16T02:17:50.518 WARN  service - Child process 'sing-box (27204)' finished with code 1.
2026-09-16T02:18:07.800 DEBUG console - Starting WinSW in service mode.
2026-09-16T02:18:07.849 INFO  service - Starting C:\Portable Softwares\sing-box-wincmd\service\core\sing-box.exe
2026-09-16T02:18:07.900 INFO  service - Started process sing-box (13584).
2026-09-16T02:18:07.924 INFO  service - Service started successfully.
2026-09-16T02:18:17.543 WARN  service - Child process 'sing-box (13584)' finished with code 1.
2026-09-16T02:18:21.014 DEBUG console - Starting WinSW in service mode.
2026-09-16T02:18:21.063 INFO  service - Starting C:\Portable Softwares\sing-box-wincmd\service\core\sing-box.exe
2026-09-16T02:18:21.117 INFO  service - Started process sing-box (28636).
2026-09-16T02:18:21.142 INFO  service - Service started successfully.
2026-09-16T02:18:30.766 WARN  service - Child process 'sing-box (28636)' finished with code 1.
2026-09-16T02:18:48.026 DEBUG console - Starting WinSW in service mode.
2026-09-16T02:18:48.075 INFO  service - Starting C:\Portable Softwares\sing-box-wincmd\service\core\sing-box.exe
2026-09-16T02:18:48.125 INFO  service - Started process sing-box (22848).
2026-09-16T02:18:48.148 INFO  service - Service started successfully.
2026-09-16T02:18:57.772 WARN  service - Child process 'sing-box (22848)' finished with code 1.
2026-09-16T02:19:01.278 DEBUG console - Starting WinSW in service mode.
2026-09-16T02:19:01.326 INFO  service - Starting C:\Portable Softwares\sing-box-wincmd\service\core\sing-box.exe
2026-09-16T02:19:01.377 INFO  service - Started process sing-box (17764).
2026-09-16T02:19:01.401 INFO  service - Service started successfully.
2026-09-16T02:19:11.025 WARN  service - Child process 'sing-box (17764)' finished with code 1.
2026-09-16T02:19:28.257 DEBUG console - Starting WinSW in service mode.
2026-09-16T02:19:28.309 INFO  service - Starting C:\Portable Softwares\sing-box-wincmd\service\core\sing-box.exe
2026-09-16T02:19:28.361 INFO  service - Started process sing-box (28256).
2026-09-16T02:19:28.385 INFO  service - Service started successfully.
2026-09-16T02:19:31.361 INFO  console - Stopping service 'sing-box (sing-box)'...
2026-09-16T02:19:31.384 INFO  service - Stopping sing-box
2026-09-16T02:19:31.387 DEBUG service - ProcessKill 28256
2026-09-16T02:19:38.003 INFO  service - Child process 'sing-box (28256)' canceled with code 1.
2026-09-16T02:19:38.023 INFO  service - Finished sing-box
2026-09-16T02:19:38.024 INFO  service - Service stopped successfully.
2026-09-16T02:19:38.218 INFO  console - Starting service 'sing-box (sing-box)'...
2026-09-16T02:19:38.652 DEBUG console - Starting WinSW in service mode.
2026-09-16T02:19:38.701 INFO  service - Starting C:\Portable Softwares\sing-box-wincmd\service\core\sing-box.exe
2026-09-16T02:19:38.751 INFO  service - Started process sing-box (27044).
2026-09-16T02:19:38.773 INFO  service - Service started successfully.
2026-09-16T02:19:38.949 INFO  console - Service 'sing-box (sing-box)' restarted successfully.
2026-09-16T02:19:48.397 WARN  service - Child process 'sing-box (27044)' finished with code 1.
2026-09-16T02:19:50.159 INFO  console - Stopping service 'sing-box (sing-box)'...
2026-09-16T02:19:50.187 INFO  console - Service 'sing-box (sing-box)' has already stopped.
2026-09-16T02:19:52.612 INFO  console - Uninstalling service 'sing-box (sing-box)'...
2026-09-16T02:19:52.645 INFO  console - Service 'sing-box (sing-box)' was uninstalled successfully.
2026-09-16T02:23:23.388 INFO  console - Installing service 'sing-box (sing-box)'...
2026-09-16T02:23:23.437 INFO  console - Service 'sing-box (sing-box)' was installed successfully.
2026-09-16T02:23:24.001 INFO  console - Starting service 'sing-box (sing-box)'...
2026-09-16T02:23:24.462 DEBUG console - Starting WinSW in service mode.
2026-09-16T02:23:24.509 INFO  service - Starting C:\Portable Softwares\sing-box-wincmd\service\core\sing-box.exe
2026-09-16T02:23:24.557 INFO  service - Started process sing-box (428).
2026-09-16T02:23:24.581 INFO  service - Service started successfully.
2026-09-16T02:23:24.754 INFO  console - Service 'sing-box (sing-box)' started successfully.
2026-09-16T02:23:32.242 INFO  console - Stopping service 'sing-box (sing-box)'...
2026-09-16T02:23:32.266 INFO  service - Stopping sing-box
2026-09-16T02:23:32.269 DEBUG service - ProcessKill 428
2026-09-16T02:23:32.309 INFO  service - Child process 'sing-box (428)' canceled with code 0.
2026-09-16T02:23:32.333 INFO  service - Finished sing-box
2026-09-16T02:23:32.334 INFO  service - Service stopped successfully.
2026-09-16T02:23:32.527 INFO  console - Starting service 'sing-box (sing-box)'...
2026-09-16T02:23:32.954 DEBUG console - Starting WinSW in service mode.
2026-09-16T02:23:33.003 INFO  service - Starting C:\Portable Softwares\sing-box-wincmd\service\core\sing-box.exe
2026-09-16T02:23:33.051 INFO  service - Started process sing-box (15760).
2026-09-16T02:23:33.075 INFO  service - Service started successfully.
2026-09-16T02:23:33.242 INFO  console - Service 'sing-box (sing-box)' restarted successfully.
2026-09-16T02:24:50.443 INFO  console - Stopping service 'sing-box (sing-box)'...
2026-09-16T02:24:50.469 INFO  service - Stopping sing-box
2026-09-16T02:24:50.472 DEBUG service - ProcessKill 15760
2026-09-16T02:24:50.651 INFO  service - Child process 'sing-box (15760)' canceled with code 0.
2026-09-16T02:24:50.679 INFO  service - Finished sing-box
2026-09-16T02:24:50.681 INFO  service - Service stopped successfully.
2026-09-16T02:24:50.731 INFO  console - Starting service 'sing-box (sing-box)'...
2026-09-16T02:24:51.223 DEBUG console - Starting WinSW in service mode.
2026-09-16T02:24:51.275 INFO  service - Starting C:\Portable Softwares\sing-box-wincmd\service\core\sing-box.exe
2026-09-16T02:24:51.328 INFO  service - Started process sing-box (4848).
2026-09-16T02:24:51.352 INFO  service - Service started successfully.
2026-09-16T02:24:51.524 INFO  console - Service 'sing-box (sing-box)' restarted successfully.
2026-09-16T02:27:39.224 INFO  console - Stopping service 'sing-box (sing-box)'...
2026-09-16T02:27:39.248 INFO  service - Stopping sing-box
2026-09-16T02:27:39.251 DEBUG service - ProcessKill 4848
2026-09-16T02:27:39.426 INFO  service - Child process 'sing-box (4848)' canceled with code 0.
2026-09-16T02:27:39.452 INFO  service - Finished sing-box
2026-09-16T02:27:39.453 INFO  service - Service stopped successfully.
2026-09-16T02:27:39.512 INFO  console - Service 'sing-box (sing-box)' stopped successfully.
2026-09-16T02:27:41.632 INFO  console - Uninstalling service 'sing-box (sing-box)'...
2026-09-16T02:27:41.666 INFO  console - Service 'sing-box (sing-box)' was uninstalled successfully.
2026-09-16T02:43:17.944 INFO  console - Installing service 'sing-box (sing-box)'...
2026-09-16T02:43:17.994 INFO  console - Service 'sing-box (sing-box)' was installed successfully.
2026-09-16T02:43:18.537 INFO  console - Installing service 'sing-box (sing-box)'...
2026-09-16T02:43:18.570 ERROR console - A service with ID 'sing-box' already exists.
2026-09-16T02:43:18.574 FATAL console - Failed to install the service. 指定的服务已存在。
2026-09-16T02:43:19.047 INFO  console - Starting service 'sing-box (sing-box)'...
2026-09-16T02:43:19.501 DEBUG console - Starting WinSW in service mode.
2026-09-16T02:43:19.551 INFO  service - Starting C:\Portable Softwares\sing-box-wincmd\service\core\sing-box.exe
2026-09-16T02:43:19.599 INFO  service - Started process sing-box (26196).
2026-09-16T02:43:19.622 INFO  service - Service started successfully.
2026-09-16T02:43:19.800 INFO  console - Service 'sing-box (sing-box)' started successfully.
2026-09-16T02:43:34.748 INFO  console - Service 'sing-box (sing-box)' was refreshed successfully.
2026-09-16T02:43:35.247 INFO  console - Stopping service 'sing-box (sing-box)'...
2026-09-16T02:43:35.271 INFO  service - Stopping sing-box
2026-09-16T02:43:35.274 DEBUG service - ProcessKill 26196
2026-09-16T02:43:35.304 INFO  service - Child process 'sing-box (26196)' canceled with code 0.
2026-09-16T02:43:35.322 INFO  service - Finished sing-box
2026-09-16T02:43:35.323 INFO  service - Service stopped successfully.
2026-09-16T02:43:35.531 INFO  console - Starting service 'sing-box (sing-box)'...
2026-09-16T02:43:35.957 DEBUG console - Starting WinSW in service mode.
2026-09-16T02:43:36.006 INFO  service - Starting C:\Portable Softwares\sing-box-wincmd\service\core\sing-box.exe
2026-09-16T02:43:36.056 INFO  service - Started process sing-box (22808).
2026-09-16T02:43:36.079 INFO  service - Service started successfully.
2026-09-16T02:43:36.245 INFO  console - Service 'sing-box (sing-box)' restarted successfully.
2026-09-16T02:58:46.948 INFO  console - Stopping service 'sing-box (sing-box)'...
2026-09-16T02:58:46.971 INFO  service - Stopping sing-box
2026-09-16T02:58:46.973 DEBUG service - ProcessKill 22808
2026-09-16T02:58:47.139 INFO  service - Child process 'sing-box (22808)' canceled with code 0.
2026-09-16T02:58:47.164 INFO  service - Finished sing-box
2026-09-16T02:58:47.165 INFO  service - Service stopped successfully.
2026-09-16T02:58:47.230 INFO  console - Service 'sing-box (sing-box)' stopped successfully.
2026-09-16T02:58:49.567 INFO  console - Uninstalling service 'sing-box (sing-box)'...
2026-09-16T02:58:49.600 INFO  console - Service 'sing-box (sing-box)' was uninstalled successfully.
2026-09-16T02:58:51.433 INFO  console - Installing service 'sing-box (sing-box)'...
2026-09-16T02:58:51.482 INFO  console - Service 'sing-box (sing-box)' was installed successfully.
2026-09-16T02:58:52.021 INFO  console - Installing service 'sing-box (sing-box)'...
2026-09-16T02:58:52.053 ERROR console - A service with ID 'sing-box' already exists.
2026-09-16T02:58:52.057 FATAL console - Failed to install the service. 指定的服务已存在。
2026-09-16T02:58:52.530 INFO  console - Starting service 'sing-box (sing-box)'...
2026-09-16T02:58:52.975 DEBUG console - Starting WinSW in service mode.
2026-09-16T02:58:53.023 INFO  service - Starting C:\Portable Softwares\sing-box-wincmd\service\core\sing-box.exe
2026-09-16T02:58:53.072 INFO  service - Started process sing-box (19740).
2026-09-16T02:58:53.095 INFO  service - Service started successfully.
2026-09-16T02:58:53.265 INFO  console - Service 'sing-box (sing-box)' started successfully.
2026-09-16T02:59:01.891 INFO  console - Service 'sing-box (sing-box)' was refreshed successfully.
2026-09-16T02:59:02.401 INFO  console - Stopping service 'sing-box (sing-box)'...
2026-09-16T02:59:02.424 INFO  service - Stopping sing-box
2026-09-16T02:59:02.427 DEBUG service - ProcessKill 19740
2026-09-16T02:59:02.459 INFO  service - Child process 'sing-box (19740)' canceled with code 0.
2026-09-16T02:59:02.478 INFO  service - Finished sing-box
2026-09-16T02:59:02.479 INFO  service - Service stopped successfully.
2026-09-16T02:59:02.689 INFO  console - Starting service 'sing-box (sing-box)'...
2026-09-16T02:59:03.126 DEBUG console - Starting WinSW in service mode.
2026-09-16T02:59:03.175 INFO  service - Starting C:\Portable Softwares\sing-box-wincmd\service\core\sing-box.exe
2026-09-16T02:59:03.223 INFO  service - Started process sing-box (2072).
2026-09-16T02:59:03.246 INFO  service - Service started successfully.
2026-09-16T02:59:03.418 INFO  console - Service 'sing-box (sing-box)' restarted successfully.
2026-09-16T02:59:25.561 INFO  console - Service 'sing-box (sing-box)' was refreshed successfully.
2026-09-16T02:59:26.066 INFO  console - Stopping service 'sing-box (sing-box)'...
2026-09-16T02:59:26.091 INFO  service - Stopping sing-box
2026-09-16T02:59:26.094 DEBUG service - ProcessKill 2072
2026-09-16T02:59:26.278 INFO  service - Child process 'sing-box (2072)' canceled with code 0.
2026-09-16T02:59:26.302 INFO  service - Finished sing-box
2026-09-16T02:59:26.302 INFO  service - Service stopped successfully.
2026-09-16T02:59:26.346 INFO  console - Starting service 'sing-box (sing-box)'...
2026-09-16T02:59:26.819 DEBUG console - Starting WinSW in service mode.
2026-09-16T02:59:26.868 INFO  service - Starting C:\Portable Softwares\sing-box-wincmd\service\core\sing-box.exe
2026-09-16T02:59:26.917 INFO  service - Started process sing-box (14296).
2026-09-16T02:59:26.941 INFO  service - Service started successfully.
2026-09-16T02:59:27.108 INFO  console - Service 'sing-box (sing-box)' restarted successfully.
2026-09-16T03:06:27.616 INFO  console - Stopping service 'sing-box (sing-box)'...
2026-09-16T03:06:27.640 INFO  service - Stopping sing-box
2026-09-16T03:06:27.643 DEBUG service - ProcessKill 14296
2026-09-16T03:06:27.691 INFO  service - Child process 'sing-box (14296)' canceled with code 0.
2026-09-16T03:06:27.710 INFO  service - Finished sing-box
2026-09-16T03:06:27.711 INFO  service - Service stopped successfully.
2026-09-16T03:06:27.893 INFO  console - Service 'sing-box (sing-box)' stopped successfully.
2026-09-16T03:06:29.600 INFO  console - Installing service 'sing-box (sing-box)'...
2026-09-16T03:06:29.634 ERROR console - A service with ID 'sing-box' already exists.
2026-09-16T03:06:29.639 FATAL console - Failed to install the service. 指定的服务已存在。
2026-09-16T03:06:30.105 INFO  console - Starting service 'sing-box (sing-box)'...
2026-09-16T03:06:30.570 DEBUG console - Starting WinSW in service mode.
2026-09-16T03:06:30.620 INFO  service - Starting C:\Portable Softwares\sing-box-wincmd\service\core\sing-box.exe
2026-09-16T03:06:30.872 INFO  service - Started process sing-box (21232).
2026-09-16T03:06:30.897 INFO  service - Service started successfully.
2026-09-16T03:06:31.130 INFO  console - Service 'sing-box (sing-box)' started successfully.
2026-09-16T03:26:53.809 INFO  console - Stopping service 'sing-box (sing-box)'...
2026-09-16T03:26:53.834 INFO  service - Stopping sing-box
2026-09-16T03:26:53.836 DEBUG service - ProcessKill 21232
2026-09-16T03:26:53.894 INFO  service - Child process 'sing-box (21232)' canceled with code 0.
2026-09-16T03:26:53.914 INFO  service - Finished sing-box
2026-09-16T03:26:53.915 INFO  service - Service stopped successfully.
2026-09-16T03:26:54.099 INFO  console - Service 'sing-box (sing-box)' stopped successfully.
2026-09-16T03:26:56.674 INFO  console - Uninstalling service 'sing-box (sing-box)'...
2026-09-16T03:26:56.708 INFO  console - Service 'sing-box (sing-box)' was uninstalled successfully.
2026-09-16T03:27:01.616 INFO  console - Installing service 'sing-box (sing-box)'...
2026-09-16T03:27:01.665 INFO  console - Service 'sing-box (sing-box)' was installed successfully.
2026-09-16T03:27:02.202 INFO  console - Installing service 'sing-box (sing-box)'...
2026-09-16T03:27:02.233 ERROR console - A service with ID 'sing-box' already exists.
2026-09-16T03:27:02.238 FATAL console - Failed to install the service. 指定的服务已存在。
2026-09-16T03:27:02.707 INFO  console - Starting service 'sing-box (sing-box)'...
2026-09-16T03:27:03.156 DEBUG console - Starting WinSW in service mode.
2026-09-16T03:27:03.205 INFO  service - Starting C:\Portable Softwares\sing-box-wincmd\service\core\sing-box.exe
2026-09-16T03:27:03.255 INFO  service - Started process sing-box (27992).
2026-09-16T03:27:03.278 INFO  service - Service started successfully.
2026-09-16T03:27:03.460 INFO  console - Service 'sing-box (sing-box)' started successfully.
2026-09-16T03:27:10.964 INFO  console - Service 'sing-box (sing-box)' was refreshed successfully.
2026-09-16T03:27:11.462 INFO  console - Stopping service 'sing-box (sing-box)'...
2026-09-16T03:27:11.484 INFO  service - Stopping sing-box
2026-09-16T03:27:11.487 DEBUG service - ProcessKill 27992
2026-09-16T03:27:11.526 INFO  service - Child process 'sing-box (27992)' canceled with code 0.
2026-09-16T03:27:11.547 INFO  service - Finished sing-box
2026-09-16T03:27:11.548 INFO  service - Service stopped successfully.
2026-09-16T03:27:11.740 INFO  console - Starting service 'sing-box (sing-box)'...
2026-09-16T03:27:12.184 DEBUG console - Starting WinSW in service mode.
2026-09-16T03:27:12.232 INFO  service - Starting C:\Portable Softwares\sing-box-wincmd\service\core\sing-box.exe
2026-09-16T03:27:12.280 INFO  service - Started process sing-box (18812).
2026-09-16T03:27:12.305 INFO  service - Service started successfully.
2026-09-16T03:27:12.485 INFO  console - Service 'sing-box (sing-box)' restarted successfully.
2026-09-16T03:33:35.862 INFO  console - Service 'sing-box (sing-box)' was refreshed successfully.
2026-09-16T03:33:36.354 INFO  console - Stopping service 'sing-box (sing-box)'...
2026-09-16T03:33:36.378 INFO  service - Stopping sing-box
2026-09-16T03:33:36.380 DEBUG service - ProcessKill 18812
2026-09-16T03:33:36.649 INFO  service - Child process 'sing-box (18812)' canceled with code 0.
2026-09-16T03:33:36.669 INFO  service - Finished sing-box
2026-09-16T03:33:36.670 INFO  service - Service stopped successfully.
2026-09-16T03:33:36.907 INFO  console - Starting service 'sing-box (sing-box)'...
2026-09-16T03:33:37.354 DEBUG console - Starting WinSW in service mode.
2026-09-16T03:33:37.403 INFO  service - Starting C:\Portable Softwares\sing-box-wincmd\service\core\sing-box.exe
2026-09-16T03:33:37.455 INFO  service - Started process sing-box (2944).
2026-09-16T03:33:37.481 INFO  service - Service started successfully.
2026-09-16T03:33:37.640 INFO  console - Service 'sing-box (sing-box)' restarted successfully.
2026-09-16T03:33:48.038 INFO  console - Service 'sing-box (sing-box)' was refreshed successfully.
2026-09-16T03:33:48.546 INFO  console - Stopping service 'sing-box (sing-box)'...
2026-09-16T03:33:48.570 INFO  service - Stopping sing-box
2026-09-16T03:33:48.572 DEBUG service - ProcessKill 2944
2026-09-16T03:33:48.613 INFO  service - Child process 'sing-box (2944)' canceled with code 0.
2026-09-16T03:33:48.632 INFO  service - Finished sing-box
2026-09-16T03:33:48.633 INFO  service - Service stopped successfully.
2026-09-16T03:33:48.832 INFO  console - Starting service 'sing-box (sing-box)'...
2026-09-16T03:33:49.260 DEBUG console - Starting WinSW in service mode.
2026-09-16T03:33:49.309 INFO  service - Starting C:\Portable Softwares\sing-box-wincmd\service\core\sing-box.exe
2026-09-16T03:33:49.356 INFO  service - Started process sing-box (26968).
2026-09-16T03:33:49.379 INFO  service - Service started successfully.
2026-09-16T03:33:49.549 INFO  console - Service 'sing-box (sing-box)' restarted successfully.
2026-09-16T03:36:02.163 WARN  service - Child process 'sing-box (26968)' finished with code 0.
2026-09-16T03:36:45.844 DEBUG console - Starting WinSW in service mode.
2026-09-16T03:36:45.895 INFO  service - Starting C:\Portable Softwares\sing-box-wincmd\service\core\sing-box.exe
2026-09-16T03:36:45.952 INFO  service - Started process sing-box (9444).
2026-09-16T03:36:45.981 INFO  service - Service started successfully.
2026-09-16T03:37:01.828 WARN  service - Child process 'sing-box (9444)' finished with code 0.
2026-09-16T03:37:39.807 DEBUG console - Starting WinSW in service mode.
2026-09-16T03:37:39.864 INFO  service - Starting C:\Portable Softwares\sing-box-wincmd\service\core\sing-box.exe
2026-09-16T03:37:39.929 INFO  service - Started process sing-box (8752).
2026-09-16T03:37:39.957 INFO  service - Service started successfully.
2026-09-16T03:43:11.817 INFO  console - Service 'sing-box (sing-box)' was refreshed successfully.
2026-09-16T03:43:12.797 INFO  console - Stopping service 'sing-box (sing-box)'...
2026-09-16T03:43:12.821 INFO  service - Stopping sing-box
2026-09-16T03:43:12.825 DEBUG service - ProcessKill 8752
2026-09-16T03:43:12.872 INFO  service - Child process 'sing-box (8752)' canceled with code 0.
2026-09-16T03:43:12.891 INFO  service - Finished sing-box
2026-09-16T03:43:12.892 INFO  service - Service stopped successfully.
2026-09-16T03:43:13.079 INFO  console - Starting service 'sing-box (sing-box)'...
2026-09-16T03:43:13.515 DEBUG console - Starting WinSW in service mode.
2026-09-16T03:43:13.563 INFO  service - Starting C:\Portable Softwares\sing-box-wincmd\service\core\sing-box.exe
2026-09-16T03:43:13.609 INFO  service - Started process sing-box (13816).
2026-09-16T03:43:13.633 INFO  service - Service started successfully.
2026-09-16T03:43:13.809 INFO  console - Service 'sing-box (sing-box)' restarted successfully.
2026-09-16T03:50:50.238 INFO  console - Stopping service 'sing-box (sing-box)'...
2026-09-16T03:50:50.261 INFO  service - Stopping sing-box
2026-09-16T03:50:50.264 DEBUG service - ProcessKill 13816
2026-09-16T03:50:50.759 INFO  service - Child process 'sing-box (13816)' canceled with code 0.
2026-09-16T03:50:50.796 INFO  service - Finished sing-box
2026-09-16T03:50:50.797 INFO  service - Service stopped successfully.
2026-09-16T03:50:51.048 INFO  console - Service 'sing-box (sing-box)' stopped successfully.
2026-09-16T03:50:53.604 INFO  console - Uninstalling service 'sing-box (sing-box)'...
2026-09-16T03:50:53.636 INFO  console - Service 'sing-box (sing-box)' was uninstalled successfully.
2026-09-16T03:51:00.931 INFO  console - Installing service 'sing-box (sing-box)'...
2026-09-16T03:51:00.979 INFO  console - Service 'sing-box (sing-box)' was installed successfully.
2026-09-16T03:51:01.500 INFO  console - Installing service 'sing-box (sing-box)'...
2026-09-16T03:51:01.531 ERROR console - A service with ID 'sing-box' already exists.
2026-09-16T03:51:01.536 FATAL console - Failed to install the service. 指定的服务已存在。
2026-09-16T03:51:02.551 INFO  console - Starting service 'sing-box (sing-box)'...
2026-09-16T03:51:03.000 DEBUG console - Starting WinSW in service mode.
2026-09-16T03:51:03.047 INFO  service - Starting C:\Portable Softwares\sing-box-wincmd\service\core\sing-box.exe
2026-09-16T03:51:03.095 INFO  service - Started process sing-box (2372).
2026-09-16T03:51:03.118 INFO  service - Service started successfully.
2026-09-16T03:51:03.293 INFO  console - Service 'sing-box (sing-box)' started successfully.
2026-09-16T03:56:38.047 INFO  console - Service 'sing-box (sing-box)' was refreshed successfully.
2026-09-16T03:56:38.527 INFO  console - Stopping service 'sing-box (sing-box)'...
2026-09-16T03:56:38.550 INFO  service - Stopping sing-box
2026-09-16T03:56:38.552 DEBUG service - ProcessKill 2372
2026-09-16T03:56:38.589 INFO  service - Child process 'sing-box (2372)' canceled with code 0.
2026-09-16T03:56:38.610 INFO  service - Finished sing-box
2026-09-16T03:56:38.611 INFO  service - Service stopped successfully.
2026-09-16T03:56:38.816 INFO  console - Starting service 'sing-box (sing-box)'...
2026-09-16T03:56:39.236 DEBUG console - Starting WinSW in service mode.
2026-09-16T03:56:39.283 INFO  service - Starting C:\Portable Softwares\sing-box-wincmd\service\core\sing-box.exe
2026-09-16T03:56:39.329 INFO  service - Started process sing-box (22568).
2026-09-16T03:56:39.351 INFO  service - Service started successfully.
2026-09-16T03:56:39.533 INFO  console - Service 'sing-box (sing-box)' restarted successfully.
2026-09-16T12:50:26.052 INFO  console - Service 'sing-box (sing-box)' was refreshed successfully.
2026-09-16T12:50:26.830 INFO  console - Stopping service 'sing-box (sing-box)'...
2026-09-16T12:50:26.861 INFO  service - Stopping sing-box
2026-09-16T12:50:26.863 DEBUG service - ProcessKill 22568
2026-09-16T12:50:27.125 INFO  service - Child process 'sing-box (22568)' canceled with code 0.
2026-09-16T12:50:27.145 INFO  service - Finished sing-box
2026-09-16T12:50:27.145 INFO  service - Service stopped successfully.
2026-09-16T12:50:27.385 INFO  console - Starting service 'sing-box (sing-box)'...
2026-09-16T12:50:27.921 DEBUG console - Starting WinSW in service mode.
2026-09-16T12:50:27.979 INFO  service - Starting C:\Portable Softwares\sing-box-wincmd\service\core\sing-box.exe
2026-09-16T12:50:28.028 INFO  service - Started process sing-box (14648).
2026-09-16T12:50:28.053 INFO  service - Service started successfully.
2026-09-16T12:50:28.223 INFO  console - Service 'sing-box (sing-box)' restarted successfully.
2026-09-16T12:53:22.767 INFO  console - Stopping service 'sing-box (sing-box)'...
2026-09-16T12:53:23.193 INFO  service - Stopping sing-box
2026-09-16T12:53:23.196 DEBUG service - ProcessKill 14648
2026-09-16T12:53:23.228 INFO  service - Child process 'sing-box (14648)' canceled with code 0.
2026-09-16T12:53:23.252 INFO  service - Finished sing-box
2026-09-16T12:53:23.253 INFO  service - Service stopped successfully.
2026-09-16T12:53:23.457 INFO  console - Service 'sing-box (sing-box)' stopped successfully.
2026-09-16T12:53:25.559 INFO  console - Uninstalling service 'sing-box (sing-box)'...
2026-09-16T12:53:25.591 INFO  console - Service 'sing-box (sing-box)' was uninstalled successfully.
